Workbook

Sheet Pop_2022_2023
A1: Région | B1: Pop 2021 | C1: Structure 2021 | D1: Pop 2022 | E1: Structure 2022 | F1: Pop 2023
A2: Batha | B2: 709820.81 | C2: 0.042205032 | D2: 722960.25 | E2: 0.042205032 | F2: 761114.32
A3: Borkou | B3: 142104.1 | C3: 0.008449327 | D3: 144734.58 | E3: 0.008449327 | F3: 152372.92
A4: Chari Baguirmi | B4: 869571.78 | C4: 0.051703619 | D4: 885668.36 | E4: 0.051703619 | F4: 932409.31
A5: Guéra | B5: 654242.96 | C5: 0.038900444 | D5: 666353.6 | E5: 0.038900444 | F5: 701520.26
A6: Hadjer Lamis | B6: 846044.34 | C6: 0.050304708 | D6: 861705.4 | E6: 0.050304708 | F6: 907181.72
A7: Kanem | B7: 512703.76 | C7: 0.030484706 | D7: 522194.38 | E7: 0.030484706 | F7: 549753.07
A8: Lac | B8: 657165.24 | C8: 0.039074199 | D8: 669329.97 | E8: 0.039074199 | F8: 704653.71
A9: Logone Occidental | B9: 1062456.7 | C9: 0.063172306 | D9: 1082123.7 | E9: 0.063172306 | F9: 1139232.6
A10: Logone Oriental | B10: 1194793.8 | C10: 0.0710409 | D10: 1216910.5 | E10: 0.0710409 | F10: 1281132.7
A11: Mandoul | B11: 955198.71 | C11: 0.056794886 | D11: 972880.32 | E11: 0.056794886 | F11: 1024223.9
A12: Mayo Kebbi Est | B12: 1179900.4 | C12: 0.070155361 | D12: 1201741.5 | E12: 0.070155361 | F12: 1265163.1
A13: Mayo Kebbi Ouest | B13: 869881.5 | C13: 0.051722035 | D13: 885983.81 | E13: 0.051722035 | F13: 932741.41
... A25: Control | B25: 16818393 | C25: 1 | D25: 17129717 | E25: 1 | F25: 18033734
A26: Tchad | F26: 18033734

Sheet ProjPop20_21_22_23admin2
A1: admin2Pcode | B1: admin2Name_fr | C1: admin2RefName | D1: admin1Pcode | E1: admin1Name_fr | F1: Proj2016_Hommes | G1: Proj2016_Femmes | H1: Proj2016_Total | I1: Proj2017_Hommes | J1: Proj2017_Femmes | K1: Proj2017_Total | L1: Proj2018_Hommes | M1: Proj2018_Femmes | N1: Proj2018_Total | O1: Proj2019_Hommes | P1: Proj2019_Femmes | Q1: Proj2019_Total | R1: Proj2020_Hommes | S1: Proj2020_Femmes | T1: Proj_2020_Total | U1: Proj2021_Hommes | V1: Proj2021_Femmes | W1: Proj_2021_Total | X1: Proj2022_Hommes | Y1: Proj2022_Femmes | Z1: Proj_2022_Tota4 | AA1: Proj2023_Hommes2 | AB1: Proj2032_Femmes3 | AC1: Proj_2023_Tota44
A2: TD0101 | B2: Batha Ouest | C2: Batha Ouest | D2: TD01 | E2: Batha | F2: 125463 | G2: 128277 | H2: 253741 | I2: 125406 | J2: 128217 | K2: 253624 | L2: 129423 | M2: 132325 | N2: 261749 | O2: 133623 | P2: 136619 | Q2: 270242 | R2: 138064 | S2: 141159 | T2: 279223 | U2: 154132.29 | V2: 145248.64 | W2: 287312.61 | X2: 144693.71 | Y2: 147937.33 | Z2: 292631.04 | AA2: 152329.89 | AB2: 155744.69 | AC2: 308074.57
A3: TD0102 | B3: Batha Est | C3: Batha Est | D3: TD01 | E3: Batha | F3: 107365 | G3: 124085 | H3: 231450 | I3: 107315 | J3: 124028 | K3: 231343 | L3: 110753 | M3: 128001 | N3: 238754 | O3: 114346 | P3: 132155 | Q3: 246501 | R3: 118146 | S3: 136547 | T3: 254693 | U3: 131896.17 | V3: 140503.02 | W3: 262071.93 | X3: 123819.26 | Y3: 143103.86 | Z3: 266923.13 | AA3: 130353.8 | AB3: 150656.14 | AC3: 281009.94
A4: TD0103 | B4: Fitri | C4: Fitri | D4: TD01 | E4: Batha | F4: 69296 | G4: 72394 | H4: 141690 | I4: 69265 | J4: 72360 | K4: 141625 | L4: 71483 | M4: 74678 | N4: 146161 | O4: 73803 | P4: 77101 | Q4: 150904 | R4: 76256 | S4: 79663 | T4: 155919 | U4: 85130.895 | V4: 81970.986 | W4: 160436.27 | X4: 79917.744 | Y4: 83488.345 | Z4: 163406.09 | AA4: 84135.385 | AB4: 87894.424 | AC4: 172029.81
A5: TD0201 | B5: Borkou | C5: Borkou | D5: TD02 | E5: Borkou | F5: 47162 | G5: 40583 | H5: 87745 | I5: 49087 | J5: 42239 | K5: 91326 | L5: 50763 | M5: 43682 | N5: 94445 | O5: 52479 | P5: 45158 | Q5: 97637 | R5: 54229 | S5: 46665 | T5: 100894 | U5: 55800.116 | V5: 48016.973 | W5: 103817.09 | X5: 56833.027 | Y5: 48905.811 | Z5: 105738.84 | AA5: 59832.378 | AB5: 51486.804 | AC5: 111319.18
A6: TD0202 | B6: Borkou Yala | C6: Borkou Yala | D6: TD02 | E6: Borkou | F6: 16988 | G6: 15371 | H6: 32359 | I6: 17681 | J6: 15998 | K6: 33679 | L6: 18285 | M6: 16545 | N6: 34830 | O6: 18903 | P6: 17104 | Q6: 36007 | R6: 19534 | S6: 17675 | T6: 37209 | U6: 20099.937 | V6: 18187.078 | W6: 38287.014 | X6: 20472.005 | Y6: 18523.738 | Z6: 38995.743 | AA6: 21552.411 | AB6: 19501.324 | AC6: 41053.734
A7: TD0301 | B7: Baguirmi | C7: Baguirmi | D7: TD03 | E7: Chari-Baguirmi | F7: 135091 | G7: 134062 | H7: 269153 | I7: 138679 | J7: 137621 | K7: 276300 | L7: 143514 | M7: 142420 | N7: 285934 | O7: 148545 | P7: 147412 | Q7: 295957 | R7: 153789 | S7: 152617 | T7: 306406 | U7: 158244.56 | V7: 157038.6 | W7: 315283.16 | X7: 161173.81 | Y7: 159945.53 | Z7: 321119.34 | AA7: 169679.72 | AB7: 168386.62 | AC7: 338066.34
A8: TD0302 | B8: Chari | C8: Chari | D8: TD03 | E8: Chari-Baguirmi | F8: 115724 | G8: 119011 | H8: 234735 | I8: 118797 | J8: 122172 | K8: 240969 | L8: 122939 | M8: 126431 | N8: 249370 | O8: 127249 | P8: 130863 | Q8: 258112 | R8: 131741 | S8: 135483 | T8: 267224 | U8: 135557.78 | V8: 139408.2 | W8: 274965.98 | X8: 138067.08 | Y8: 141988.77 | Z8: 280055.85 | AA8: 145353.54 | AB8: 149482.2 | AC8: 294835.74
A9: TD0303 | B9: Loug-Chari | C9: Loug-Chari | D9: TD03 | E9: Chari-Baguirmi | F9: 117519 | G9: 120935 | H9: 238454 | I9: 120641 | J9: 124146 | K9: 244787 | L9: 124847 | M9: 128475 | N9: 253322 | O9: 129223 | P9: 132978 | Q9: 262201 | R9: 133785 | S9: 137673 | T9: 271458 | U9: 137661 | V9: 141661.64 | W9: 279322.65 | X9: 140209.23 | Y9: 144283.93 | Z9: 284493.17 | AA9: 147608.75 | AB9: 151898.49 | AC9: 299507.23
A10: TD0401 | B10: Guéra | C10: Guera | D10: TD04 | E10: Guera | F10: 108267 | G10: 113049 | H10: 221316 | I10: 94089 | J10: 98246 | K10: 192335 | L10: 95727 | M10: 99956 | N10: 195683 | O10: 97496 | P10: 101804 | Q10: 199300 | R10: 99632 | S10: 104034 | T10: 203666 | U10: 102518.53 | V10: 107048.06 | W10: 209566.59 | X10: 104416.24 | Y10: 109029.62 | Z10: 213445.86 | AA10: 109926.78 | AB10: 114783.63 | AC10: 224710.41
A11: TD0402 | B11: Abtouyour | C11: Abtouyour | D11: TD04 | E11: Guera | F11: 104673 | G11: 110208 | H11: 214881 | I11: 90967 | J11: 95777 | K11: 186744 | L11: 92550 | M11: 97444 | N11: 189994 | O11: 94260 | P11: 99245 | Q11: 193505 | R11: 96325 | S11: 101420 | T11: 197745 | U11: 99115.716 | V11: 104358.33 | W11: 203474.04 | X11: 100950.44 | Y11: 106290.1 | Z11: 207240.54 | AA11: 106278.08 | AB11: 111899.53 | AC11: 218177.61
A12: TD0403 | B12: Barh-Signaka | C12: Barh-Signaka | D12: TD04 | E12: Guera | F12: 65394 | G12: 67528 | H12: 132922 | I12: 56832 | J12: 58685 | K12: 115517 | L12: 57821 | M12: 59707 | N12: 117528 | O12: 58889 | P12: 60810 | Q12: 119700 | R12: 60180 | S12: 62142 | T12: 122322 | U12: 61923.527 | V12: 63942.37 | W12: 125865.9 | X12: 63069.789 | Y12: 65126.003 | Z12: 128195.79 | AA12: 66398.283 | AB12: 68563.013 | AC12: 134961.3
A13: TD0404 | B13: Mangalmé | C13: Mangalme | D13: TD04 | E13: Guera | F13: 56874 | G13: 64928 | H13: 121802 | I13: 49426 | J13: 56426 | K13: 105852 | L13: 50287 | M13: 57408 | N13: 107695 | O13: 51217 | P13: 58469 | Q13: 109686 | R13: 52339 | S13: 59750 | T13: 112089 | U13: 53855.359 | V13: 61481.069 | W13: 115336.43 | X13: 54852.271 | Y13: 62619.141 | Z13: 117471.41 | AA13: 57747.088 | AB13: 65923.852 | AC13: 123670.94
... A71: TD2303 | B71: Mourtcha | C71: Mourtcha | D71: TD23 | E71: Ennedi Ouest | F71: 15044 | G71: 12309 | H71: 27353 | I71: 15631 | J71: 12788 | K71: 28419 | L71: 16090 | M71: 13164 | N71: 29254 | O71: 16630 | P71: 13606 | Q71: 30236 | R71: 17193 | S71: 14067 | T71: 31260 | U71: 17691.113 | V71: 14474.547 | W71: 32165.661 | X71: 18018.592 | Y71: 14742.485 | Z71: 32761.077 | AA71: 18969.519 | AB71: 15520.516 | AC71: 34490.035

Sheet Calcul_projPop21_22_23admin2
K1: Structure 2020 | N1: Population 2021 | Q1: Structure 2021 | T1: Population 2022 | W1: Structure 2022 | Z1: Population 2023
A2: admin2Pcode | B2: admin2Name_fr | C2: admin2RefName | D2: admin1Pcode | E2: admin1Name_fr | F2: Proj2016_Hommes | G2: Proj2016_Femmes | H2: Proj2020_Hommes | I2: Proj2020_Femmes | J2: Proj_2020_Total | K2: Proj2020_Hommes2 | L2: Proj2020_Femmes3 | M2: Proj_2020_Total4 | N2: Proj2021_Hommes22 | O2: Proj2021_Femmes32 | P2: Proj_2021_Total43 | Q2: Proj2021_Hommes22 | R2: Proj2021_Femmes32 | S2: Proj_2021_Total43 | T2: Proj2022_Hommes22 | U2: Proj2022_Femmes32 | V2: Proj_2022_Total43 | W2: Proj2022_Hommes22 | X2: Proj2022_Femmes32 | Y2: Proj_2022_Total43 | Z2: Proj2023_Hommes22 | AA2: Proj2023_Femmes32 | AB2: Proj_2023_Total43
A3: TD0101 | B3: Batha Ouest | C3: Batha Ouest | D3: TD01 | E3: Batha | F3: 125463 | G3: 128277 | H3: 138064 | I3: 141159 | J3: 279223 | K3: =Table15[[#This Row],[Proj2020_Hommes]]/$J$6 -> 0.20014061 | L3: =+Table15[[#This Row],[Proj2020_Femmes]]/$J$6 -> 0.20462719 | M3: =+Table15[[#This Row],[Proj_2020_Total]]/$J$6 -> 0.40476781 | N3: =+Table15[[#This Row],[Proj2020_Hommes2]]*$N$7 -> 142063.97 | O3: =+Table15[[#This Row],[Proj2020_Femmes3]]*$N$7 -> 145248.64 | P3: =+Table15[[#This Row],[Proj_2020_Total4]]*$N$7 -> 287312.61 | Q3: =Table15[[#This Row],[Proj2021_Hommes22]]/$P$6 -> 0.20014061 | R3: =Table15[[#This Row],[Proj2021_Femmes32]]/$P$6 -> 0.20462719 | S3: =Table15[[#This Row],[Proj_2021_Total43]]/$P$6 -> 0.40476781 | T3: =Q3*$V$6 -> 144693.71 | U3: =R3*$V$6 -> 147937.33 | V3: =S3*$V$6 -> 292631.04 | W3: =T3/$V$6 -> 0.20014061 | X3: =U3/$V$6 -> 0.20462719 | Y3: =V3/$V$6 -> 0.40476781 | Z3: =W3*$AB$6 -> 152329.89 | AA3: =X3*$AB$6 -> 155744.69 | AB3: =Y3*$AB$6 -> 308074.57
A4: TD0102 | B4: Batha Est | C4: Batha Est | D4: TD01 | E4: Batha | F4: 107365 | G4: 124085 | H4: 118146 | I4: 136547 | J4: 254693 | K4: =Table15[[#This Row],[Proj2020_Hommes]]/$J$6 -> 0.17126704 | L4: =+Table15[[#This Row],[Proj2020_Femmes]]/$J$6 -> 0.19794154 | M4: =+Table15[[#This Row],[Proj_2020_Total]]/$J$6 -> 0.36920858 | N4: =+Table15[[#This Row],[Proj2020_Hommes2]]*$N$7 -> 121568.91 | O4: =+Table15[[#This Row],[Proj2020_Femmes3]]*$N$7 -> 140503.02 | P4: =+Table15[[#This Row],[Proj_2020_Total4]]*$N$7 -> 262071.93 | Q4: =Table15[[#This Row],[Proj2021_Hommes22]]/$P$6 -> 0.17126704 | R4: =Table15[[#This Row],[Proj2021_Femmes32]]/$P$6 -> 0.19794154 | S4: =Table15[[#This Row],[Proj_2021_Total43]]/$P$6 -> 0.36920858 | T4: =Q4*$V$6 -> 123819.26 | U4: =R4*$V$6 -> 143103.86 | V4: =S4*$V$6 -> 266923.13 | W4: =T4/$V$6 -> 0.17126704 | X4: =U4/$V$6 -> 0.19794154 | Y4: =V4/$V$6 -> 0.36920858 | Z4: =W4*$AB$6 -> 130353.8 | AA4: =X4*$AB$6 -> 150656.14 | AB4: =Y4*$AB$6 -> 281009.94
A5: TD0103 | B5: Fitri | C5: Fitri | D5: TD01 | E5: Batha | F5: 69296 | G5: 72394 | H5: 76256 | I5: 79663 | J5: 155919 | K5: =Table15[[#This Row],[Proj2020_Hommes]]/$J$6 -> 0.11054238 | L5: =+Table15[[#This Row],[Proj2020_Femmes]]/$J$6 -> 0.11548124 | M5: =+Table15[[#This Row],[Proj_2020_Total]]/$J$6 -> 0.22602361 | N5: =+Table15[[#This Row],[Proj2020_Hommes2]]*$N$7 -> 78465.279 | O5: =+Table15[[#This Row],[Proj2020_Femmes3]]*$N$7 -> 81970.986 | P5: =+Table15[[#This Row],[Proj_2020_Total4]]*$N$7 -> 160436.27 | Q5: =Table15[[#This Row],[Proj2021_Hommes22]]/$P$6 -> 0.11054238 | R5: =Table15[[#This Row],[Proj2021_Femmes32]]/$P$6 -> 0.11548124 | S5: =Table15[[#This Row],[Proj_2021_Total43]]/$P$6 -> 0.22602361 | T5: =Q5*$V$6 -> 79917.744 | U5: =R5*$V$6 -> 83488.345 | V5: =S5*$V$6 -> 163406.09 | W5: =T5/$V$6 -> 0.11054238 | X5: =U5/$V$6 -> 0.11548124 | Y5: =V5/$V$6 -> 0.22602361 | Z5: =W5*$AB$6 -> 84135.385 | AA5: =X5*$AB$6 -> 87894.424 | AB5: =Y5*$AB$6 -> 172029.81
J6: =+J3+J4+J5 -> 689835 | K6: =Table15[[#This Row],[Proj2020_Hommes]]/$J$19 -> 0 | L6: =+Table15[[#This Row],[Proj2020_Femmes]]/$J$6 -> 0 | M6: =+Table15[[#This Row],[Proj_2020_Total]]/$J$6 -> 1 | N6: =+Table15[[#This Row],[Proj2020_Hommes2]]*$N$7 -> 0 | O6: =+Table15[[#This Row],[Proj2020_Femmes3]]*$N$7 -> 0 | P6: =+Table15[[#This Row],[Proj_2020_Total4]]*$N$7 -> 709820.81 | V6: 722960.25 | AB6: 761114.32
N7: 709820.81
A8: TD0201 | B8: Borkou | C8: Borkou | D8: TD02 | E8: Borkou | F8: 47162 | G8: 40583 | H8: 54229 | I8: 46665 | J8: 100894 | K8: =Table15[[#This Row],[Proj2020_Hommes]]/$J$19 -> 0.085289594 | L8: =Table15[[#This Row],[Proj2020_Femmes]]/$J$10 -> 0.33789997 | M8: =Table15[[#This Row],[Proj_2020_Total]]/$J$10 -> 0.73057066 | N8: 55800.116 | O8: 48016.973 | P8: 103817.09 | Q8: =Table15[[#This Row],[Proj2021_Hommes22]]/$P$10 -> 0.39267069 | R8: =Table15[[#This Row],[Proj2021_Femmes32]]/$P$10 -> 0.33789997 | S8: =Table15[[#This Row],[Proj_2021_Total43]]/$P$10 -> 0.73057066 | T8: =Q8*$V$10 -> 56833.027 | U8: =R8*$V$10 -> 48905.811 | V8: =S8*$V$10 -> 105738.84 | W8: =T8/$V$10 -> 0.39267069 | X8: =U8/$V$10 -> 0.33789997 | Y8: =V8/$V$10 -> 0.73057066 | Z8: =W8*$AB$10 -> 59832.378 | AA8: =X8*$AB$10 -> 51486.804 | AB8: =Y8*$AB$10 -> 111319.18
A9: TD0202 | B9: Borkou Yala | C9: Borkou Yala | D9: TD02 | E9: Borkou | F9: 16988 | G9: 15371 | H9: 19534 | I9: 17675 | J9: 37209 | K9: =Table15[[#This Row],[Proj2020_Hommes]]/$J$19 -> 0.030722435 | L9: =Table15[[#This Row],[Proj2020_Femmes]]/$J$10 -> 0.12798419 | M9: =Table15[[#This Row],[Proj_2020_Total]]/$J$10 -> 0.26942934 | N9: 20099.937 | O9: 18187.078 | P9: 38287.014 | Q9: =Table15[[#This Row],[Proj2021_Hommes22]]/$P$10 -> 0.14144515 | R9: =Table15[[#This Row],[Proj2021_Femmes32]]/$P$10 -> 0.12798419 | S9: =Table15[[#This Row],[Proj_2021_Total43]]/$P$10 -> 0.26942934 | T9: =Q9*$V$10 -> 20472.005 | U9: =R9*$V$10 -> 18523.738 | V9: =S9*$V$10 -> 38995.743 | W9: =T9/$V$10 -> 0.14144515 | X9: =U9/$V$10 -> 0.12798419 | Y9: =V9/$V$10 -> 0.26942934 | Z9: =W9*$AB$10 -> 21552.411 | AA9: =X9*$AB$10 -> 19501.324 | AB9: =Y9*$AB$10 -> 41053.734
J10: =J9+J8 -> 138103 | N10: =[1]Sheet1!$D$27 -> 142104.1 | P10: =P9+P8 -> 142104.1 | V10: 144734.58 | AB10: 152372.92
A11: TD0301 | B11: Baguirmi | C11: Baguirmi | D11: TD03 | E11: Chari-Baguirmi | F11: 135091 | G11: 134062 | H11: 153789 | I11: 152617 | J11: 306406 | K11: =Table15[[#This Row],[Proj2020_Hommes]]/$J$19 -> 0.2418743 | L11: =Table15[[#This Row],[Proj2020_Femmes]]/$J$14 -> 0.18059303 | M11: =Table15[[#This Row],[Proj_2020_Total]]/$J$14 -> 0.36257289 | N11: 158244.56 | O11: 157038.6 | P11: 315283.16 | Q11: =Table15[[#This Row],[Proj2021_Hommes22]]/$P$14 -> 0.18197986 | R11: =Table15[[#This Row],[Proj2021_Femmes32]]/$P$14 -> 0.18059303 | S11: =Table15[[#This Row],[Proj_2021_Total43]]/$P$14 -> 0.36257289 | T11: =Q11*$V$14 -> 161173.81 | U11: =R11*$V$14 -> 159945.53 | V11: =S11*$V$14 -> 321119.34 | W11: =T11/$V$14 -> 0.18197986 | X11: =U11/$V$14 -> 0.18059303 | Y11: =V11/$V$14 -> 0.36257289 | Z11: =W11*$AB$14 -> 169679.72 | AA11: =X11*$AB$14 -> 168386.62 | AB11: =Y11*$AB$14 -> 338066.34
A12: TD0302 | B12: Chari | C12: Chari | D12: TD03 | E12: Chari-Baguirmi | F12: 115724 | G12: 119011 | H12: 131741 | I12: 135483 | J12: 267224 | K12: =Table15[[#This Row],[Proj2020_Hommes]]/$J$19 -> 0.20719793 | L12: =Table15[[#This Row],[Proj2020_Femmes]]/$J$14 -> 0.16031822 | M12: =Table15[[#This Row],[Proj_2020_Total]]/$J$14 -> 0.31620849 | N12: 135557.78 | O12: 139408.2 | P12: 274965.98 | Q12: =Table15[[#This Row],[Proj2021_Hommes22]]/$P$14 -> 0.15589027 | R12: =Table15[[#This Row],[Proj2021_Femmes32]]/$P$14 -> 0.16031822 | S12: =Table15[[#This Row],[Proj_2021_Total43]]/$P$14 -> 0.31620849 | T12: =Q12*$V$14 -> 138067.08 | U12: =R12*$V$14 -> 141988.77 | V12: =S12*$V$14 -> 280055.85 | W12: =T12/$V$14 -> 0.15589027 | X12: =U12/$V$14 -> 0.16031822 | Y12: =V12/$V$14 -> 0.31620849 | Z12: =W12*$AB$14 -> 145353.54 | AA12: =X12*$AB$14 -> 149482.2 | AB12: =Y12*$AB$14 -> 294835.74
A13: TD0303 | B13: Loug-Chari | C13: Loug-Chari | D13: TD03 | E13: Chari-Baguirmi | F13: 117519 | G13: 120935 | H13: 133785 | I13: 137673 | J13: 271458 | K13: =Table15[[#This Row],[Proj2020_Hommes]]/$J$19 -> 0.21041266 | L13: =Table15[[#This Row],[Proj2020_Femmes]]/$J$14 -> 0.16290966 | M13: =Table15[[#This Row],[Proj_2020_Total]]/$J$14 -> 0.32121862 | N13: 137661 | O13: 141661.64 | P13: 279322.65 | Q13: =Table15[[#This Row],[Proj2021_Hommes22]]/$P$14 -> 0.15830896 | R13: =Table15[[#This Row],[Proj2021_Femmes32]]/$P$14 -> 0.16290966 | S13: =Table15[[#This Row],[Proj_2021_Total43]]/$P$14 -> 0.32121862 | T13: =Q13*$V$14 -> 140209.23 | U13: =R13*$V$14 -> 144283.93 | V13: =S13*$V$14 -> 284493.17 | W13: =T13/$V$14 -> 0.15830896 | X13: =U13/$V$14 -> 0.16290966 | Y13: =V13/$V$14 -> 0.32121862 | Z13: =W13*$AB$14 -> 147608.75 | AA13: =X13*$AB$14 -> 151898.49 | AB13: =Y13*$AB$14 -> 299507.23
J14: =J13+J12+J11 -> 845088 | N14: =[1]Sheet1!$D$28 -> 869571.78 | P14: =P13+P12+P11 -> 869571.78 | V14: 885668.36 | AB14: 932409.31
A15: TD0401 | B15: Guéra | C15: Guera | D15: TD04 | E15: Guera | F15: 108267 | G15: 113049 | H15: 99632 | I15: 104034 | J15: 203666 | K15: =Table15[[#This Row],[Proj2020_Hommes]]/$J$19 -> 0.15669794 | L15: =Table15[[#This Row],[Proj2020_Femmes]]/$J$19 -> 0.16362127 | M15: =Table15[[#This Row],[Proj_2020_Total]]/$J$19 -> 0.32031921 | N15: 102518.53 | O15: 107048.06 | P15: 209566.59 | Q15: =Table15[[#This Row],[Proj2021_Hommes22]]/$P$19 -> 0.15669794 | R15: =Table15[[#This Row],[Proj2021_Femmes32]]/$P$19 -> 0.16362127 | S15: =Table15[[#This Row],[Proj_2021_Total43]]/$P$19 -> 0.32031921 | T15: =Q15*$V$19 -> 104416.24 | U15: =R15*$V$19 -> 109029.62 | V15: =S15*$V$19 -> 213445.86 | W15: =T15/$V$19 -> 0.15669794 | X15: =U15/$V$19 -> 0.16362127 | Y15: =V15/$V$19 -> 0.32031921 | Z15: =W15*$AB$19 -> 109926.78 | AA15: =X15*$AB$19 -> 114783.63 | AB15: =Y15*$AB$19 -> 224710.41
A16: TD0402 | B16: Abtouyour | C16: Abtouyour | D16: TD04 | E16: Guera | F16: 104673 | G16: 110208 | H16: 96325 | I16: 101420 | J16: 197745 | K16: =Table15[[#This Row],[Proj2020_Hommes]]/$J$19 -> 0.1514968 | L16: =Table15[[#This Row],[Proj2020_Femmes]]/$J$19 -> 0.15951005 | M16: =Table15[[#This Row],[Proj_2020_Total]]/$J$19 -> 0.31100685 | N16: 99115.716 | O16: 104358.33 | P16: 203474.04 | Q16: =Table15[[#This Row],[Proj2021_Hommes22]]/$P$19 -> 0.1514968 | R16: =Table15[[#This Row],[Proj2021_Femmes32]]/$P$19 -> 0.15951005 | S16: =Table15[[#This Row],[Proj_2021_Total43]]/$P$19 -> 0.31100685 | T16: =Q16*$V$19 -> 100950.44 | U16: =R16*$V$19 -> 106290.1 | V16: =S16*$V$19 -> 207240.54 | W16: =T16/$V$19 -> 0.1514968 | X16: =U16/$V$19 -> 0.15951005 | Y16: =V16/$V$19 -> 0.31100685 | Z16: =W16*$AB$19 -> 106278.08 | AA16: =X16*$AB$19 -> 111899.53 | AB16: =Y16*$AB$19 -> 218177.61
A17: TD0403 | B17: Barh-Signaka | C17: Barh-Signaka | D17: TD04 | E17: Guera | F17: 65394 | G17: 67528 | H17: 60180 | I17: 62142 | J17: 122322 | K17: =Table15[[#This Row],[Proj2020_Hommes]]/$J$19 -> 0.094649131 | L17: =Table15[[#This Row],[Proj2020_Femmes]]/$J$19 -> 0.097734901 | M17: =Table15[[#This Row],[Proj_2020_Total]]/$J$19 -> 0.19238403 | N17: 61923.527 | O17: 63942.37 | P17: 125865.9 | Q17: =Table15[[#This Row],[Proj2021_Hommes22]]/$P$19 -> 0.094649131 | R17: =Table15[[#This Row],[Proj2021_Femmes32]]/$P$19 -> 0.097734901 | S17: =Table15[[#This Row],[Proj_2021_Total43]]/$P$19 -> 0.19238403 | T17: =Q17*$V$19 -> 63069.789 | U17: =R17*$V$19 -> 65126.003 | V17: =S17*$V$19 -> 128195.79 | W17: =T17/$V$19 -> 0.094649131 | X17: =U17/$V$19 -> 0.097734901 | Y17: =V17/$V$19 -> 0.19238403 | Z17: =W17*$AB$19 -> 66398.283 | AA17: =X17*$AB$19 -> 68563.013 | AB17: =Y17*$AB$19 -> 134961.3
A18: TD0404 | B18: Mangalmé | C18: Mangalme | D18: TD04 | E18: Guera | F18: 56874 | G18: 64928 | H18: 52339 | I18: 59750 | J18: 112089 | K18: =Table15[[#This Row],[Proj2020_Hommes]]/$J$19 -> 0.082317064 | L18: =Table15[[#This Row],[Proj2020_Femmes]]/$J$19 -> 0.093972841 | M18: =Table15[[#This Row],[Proj_2020_Total]]/$J$19 -> 0.17628991 | N18: 53855.359 | O18: 61481.069 | P18: 115336.43 | Q18: =Table15[[#This Row],[Proj2021_Hommes22]]/$P$19 -> 0.082317064 | R18: =Table15[[#This Row],[Proj2021_Femmes32]]/$P$19 -> 0.093972841 | S18: =Table15[[#This Row],[Proj_2021_Total43]]/$P$19 -> 0.17628991 | T18: =Q18*$V$19 -> 54852.271 | U18: =R18*$V$19 -> 62619.141 | V18: =S18*$V$19 -> 117471.41 | W18: =T18/$V$19 -> 0.082317064 | X18: =U18/$V$19 -> 0.093972841 | Y18: =V18/$V$19 -> 0.17628991 | Z18: =W18*$AB$19 -> 57747.088 | AA18: =X18*$AB$19 -> 65923.852 | AB18: =Y18*$AB$19 -> 123670.94
J19: =J18+J17+J16+J15 -> 635822 | N19: =[1]Sheet1!$D$29 -> 654242.96 | P19: =P18+P17+P16+P15 -> 654242.96 | V19: 666353.6 | AB19: 701520.26
A20: TD0501 | B20: Dagana | C20: Dagana | D20: TD05 | E20: Hadjer Lamis | F20: 146748 | G20: 146428 | H20: 136748 | I20: 136449 | J20: 273197 | K20: =Table15[[#This Row],[Proj2020_Hommes]]/$J$23 -> 0.16631518 | L20: =Table15[[#This Row],[Proj2020_Femmes]]/$J$23 -> 0.16595153 | M20: =Table15[[#This Row],[Proj_2020_Total]]/$J$23 -> 0.33226671 | N20: =Table15[[#This Row],[Proj2020_Hommes2]]*$N$23 -> 140710.02 | O20: =Table15[[#This Row],[Proj2020_Femmes3]]*$N$23 -> 140402.35 | P20: =Table15[[#This Row],[Proj_2020_Total4]]*$N$23 -> 281112.37 | Q20: =Table15[[#This Row],[Proj2021_Hommes22]]/$P$23 -> 0.16631518 | R20: =Table15[[#This Row],[Proj2021_Femmes32]]/$P$23 -> 0.16595153 | S20: =Table15[[#This Row],[Proj_2021_Total43]]/$P$23 -> 0.33226671 | T20: =Q20*$V$23 -> 143314.69 | U20: =R20*$V$23 -> 143001.33 | V20: =S20*$V$23 -> 286316.02 | W20: =T20/$V$23 -> 0.16631518 | X20: =U20/$V$23 -> 0.16595153 | Y20: =V20/$V$23 -> 0.33226671 | Z20: =W20*$AB$23 -> 150878.09 | AA20: =X20*$AB$23 -> 150548.19 | AB20: =Y20*$AB$23 -> 301426.29
A21: TD0502 | B21: Dababa | C21: Dababa | D21: TD05 | E21: Hadjer Lamis | F21: 119612 | G21: 122112 | H21: 163962 | I21: 167388 | J21: 331350 | K21: =Table15[[#This Row],[Proj2020_Hommes]]/$J$23 -> 0.1994133 | L21: =Table15[[#This Row],[Proj2020_Femmes]]/$J$23 -> 0.20358006 | M21: =Table15[[#This Row],[Proj_2020_Total]]/$J$23 -> 0.40299335 | N21: =Table15[[#This Row],[Proj2020_Hommes2]]*$N$23 -> 168712.49 | O21: =Table15[[#This Row],[Proj2020_Femmes3]]*$N$23 -> 172237.75 | P21: =Table15[[#This Row],[Proj_2020_Total4]]*$N$23 -> 340950.25 | Q21: =Table15[[#This Row],[Proj2021_Hommes22]]/$P$23 -> 0.1994133 | R21: =Table15[[#This Row],[Proj2021_Femmes32]]/$P$23 -> 0.20358006 | S21: =Table15[[#This Row],[Proj_2021_Total43]]/$P$23 -> 0.40299335 | T21: =Q21*$V$23 -> 171835.52 | U21: =R21*$V$23 -> 175426.03 | V21: =S21*$V$23 -> 347261.55 | W21: =T21/$V$23 -> 0.1994133 | X21: =U21/$V$23 -> 0.20358006 | Y21: =V21/$V$23 -> 0.40299335 | Z21: =W21*$AB$23 -> 180904.1 | AA21: =X21*$AB$23 -> 184684.1 | AB21: =Y21*$AB$23 -> 365588.2
A22: TD0503 | B22: Haraze-Al-Biar | C22: Haraze-Al-Biar | D22: TD05 | E22: Hadjer Lamis | F22: 97617 | G22: 94981 | H22: 110327 | I22: 107348 | J22: 217675 | K22: =Table15[[#This Row],[Proj2020_Hommes]]/$J$23 -> 0.13418152 | L22: =Table15[[#This Row],[Proj2020_Femmes]]/$J$23 -> 0.13055841 | M22: =Table15[[#This Row],[Proj_2020_Total]]/$J$23 -> 0.26473994 | N22: =Table15[[#This Row],[Proj2020_Hommes2]]*$N$23 -> 113523.52 | O22: =Table15[[#This Row],[Proj2020_Femmes3]]*$N$23 -> 110458.21 | P22: =Table15[[#This Row],[Proj_2020_Total4]]*$N$23 -> 223981.73 | Q22: =Table15[[#This Row],[Proj2021_Hommes22]]/$P$23 -> 0.13418152 | R22: =Table15[[#This Row],[Proj2021_Femmes32]]/$P$23 -> 0.13055841 | S22: =Table15[[#This Row],[Proj_2021_Total43]]/$P$23 -> 0.26473994 | T22: =Q22*$V$23 -> 115624.94 | U22: =R22*$V$23 -> 112502.89 | V22: =S22*$V$23 -> 228127.83 | W22: =T22/$V$23 -> 0.13418152 | X22: =U22/$V$23 -> 0.13055841 | Y22: =V22/$V$23 -> 0.26473994 | Z22: =W22*$AB$23 -> 121727.02 | AA22: =X22*$AB$23 -> 118440.21 | AB22: =Y22*$AB$23 -> 240167.23
J23: =J22+J21+J20 -> 822222 | N23: =[1]Sheet1!$D$30 -> 846044.34 | P23: =P22+P21+P20 -> 846044.34 | V23: 861705.4 | AB23: 907181.72
A24: TD0601 | B24: Kanem | C24: Kanem | D24: TD06 | E24: Kanem | F24: 95631 | G24: 100953 | H24: 111367 | I24: 117564 | J24: 228931 | K24: =Table15[[#This Row],[Proj2020_Hommes]]/$J$27 -> 0.22350823 | L24: =Table15[[#This Row],[Proj2020_Femmes]]/$J$27 -> 0.23594531 | M24: =Table15[[#This Row],[Proj_2020_Total]]/$J$27 -> 0.45945355 | N24: 114593.51 | O24: 120970.05 | P24: 235563.56 | Q24: =Table15[[#This Row],[Proj2021_Hommes22]]/$P$27 -> 0.22350823 | R24: =Table15[[#This Row],[Proj2021_Femmes32]]/$P$27 -> 0.23594531 | S24: =Table15[[#This Row],[Proj_2021_Total43]]/$P$27 -> 0.45945355 | T24: =Q24*$V$27 -> 116714.74 | U24: =R24*$V$27 -> 123209.32 | V24: =S24*$V$27 -> 239924.06 | W24: =T24/$V$27 -> 0.22350823 | X24: =U24/$V$27 -> 0.23594531 | Y24: =V24/$V$27 -> 0.45945355 | Z24: =W24*$AB$27 -> 122874.34 | AA24: =X24*$AB$27 -> 129711.66 | AB24: =Y24*$AB$27 -> 252586
A25: TD0602 | B25: Nord Kanem | C25: Nord Kanem | D25: TD06 | E25: Kanem | F25: 58578 | G25: 58165 | H25: 68216 | I25: 67737 | J25: 135953 | K25: =Table15[[#This Row],[Proj2020_Hommes]]/$J$27 -> 0.13690624 | L25: =Table15[[#This Row],[Proj2020_Femmes]]/$J$27 -> 0.13594491 | M25: =Table15[[#This Row],[Proj_2020_Total]]/$J$27 -> 0.27285116 | N25: 70192.345 | O25: 69699.468 | P25: 139891.81 | Q25: =Table15[[#This Row],[Proj2021_Hommes22]]/$P$27 -> 0.13690624 | R25: =Table15[[#This Row],[Proj2021_Femmes32]]/$P$27 -> 0.13594491 | S25: =Table15[[#This Row],[Proj_2021_Total43]]/$P$27 -> 0.27285116 | T25: =Q25*$V$27 -> 71491.671 | U25: =R25*$V$27 -> 70989.669 | V25: =S25*$V$27 -> 142481.34 | W25: =T25/$V$27 -> 0.13690624 | X25: =U25/$V$27 -> 0.13594491 | Y25: =V25/$V$27 -> 0.27285116 | Z25: =W25*$AB$27 -> 75264.628 | AA25: =X25*$AB$27 -> 74736.133 | AB25: =Y25*$AB$27 -> 150000.76
A26: TD0603 | B26: Wadi Bissam | C26: Wadi-Bissam | D26: TD06 | E26: Kanem | F26: 54777 | G26: 59760 | H26: 63791 | I26: 69593 | J26: 133384 | K26: =Table15[[#This Row],[Proj2020_Hommes]]/$J$27 -> 0.12802548 | L26: =Table15[[#This Row],[Proj2020_Femmes]]/$J$27 -> 0.13966982 | M26: =Table15[[#This Row],[Proj_2020_Total]]/$J$27 -> 0.2676953 | N26: 65639.145 | O26: 71609.24 | P26: 137248.38 | Q26: =Table15[[#This Row],[Proj2021_Hommes22]]/$P$27 -> 0.12802548 | R26: =Table15[[#This Row],[Proj2021_Femmes32]]/$P$27 -> 0.13966982 | S26: =Table15[[#This Row],[Proj_2021_Total43]]/$P$27 -> 0.2676953 | T26: =Q26*$V$27 -> 66854.186 | U26: =R26*$V$27 -> 72934.793 | V26: =S26*$V$27 -> 139788.98 | W26: =T26/$V$27 -> 0.12802548 | X26: =U26/$V$27 -> 0.13966982 | Y26: =V26/$V$27 -> 0.2676953 | Z26: =W26*$AB$27 -> 70382.401 | AA26: =X26*$AB$27 -> 76783.91 | AB26: =Y26*$AB$27 -> 147166.31
J27: =J26+J25+J24 -> 498268 | N27: =[1]Sheet1!$D$31 -> 512703.76 | P27: =P26+P25+P24 -> 512703.76 | V27: 522194.38 | AB27: 549753.07
A28: TD0701 | B28: Mamdi | C28: Mamdi | D28: TD07 | E28: Lac | F28: 79010 | G28: 74744 | H28: 85105 | I28: 80510 | J28: 165615 | K28: =Table15[[#This Row],[Proj2020_Hommes]]/$J$32 -> 0.13325536 | L28: =Table15[[#This Row],[Proj2020_Femmes]]/$J$32 -> 0.12606062 | M28: =Table15[[#This Row],[Proj_2020_Total]]/$J$32 -> 0.25931598 | N28: 87570.788 | O28: 82842.655 | P28: 170413.44 | Q28: =Table15[[#This Row],[Proj2021_Hommes22]]/$P$32 -> 0.13325536 | R28: =Table15[[#This Row],[Proj2021_Femmes32]]/$P$32 -> 0.12606062 | S28: =Table15[[#This Row],[Proj_2021_Total43]]/$P$32 -> 0.25931598 | T28: =Q28*$V$32 -> 89191.805 | U28: =R28*$V$32 -> 84376.149 | V28: =S28*$V$32 -> 173567.95 | W28: =T28/$V$32 -> 0.13325536 | X28: =U28/$V$32 -> 0.12606062 | Y28: =V28/$V$32 -> 0.25931598 | Z28: =W28*$AB$32 -> 93898.882 | AA28: =X28*$AB$32 -> 88829.082 | AB28: =Y28*$AB$32 -> 182727.96
A29: TD0702 | B29: Wayi | C29: Wayi | D29: TD07 | E29: Lac | F29: 134011 | G29: 136643 | H29: 153743 | I29: 156763 | J29: 310506 | K29: =Table15[[#This Row],[Proj2020_Hommes]]/$J$32 -> 0.24072708 | L29: =Table15[[#This Row],[Proj2020_Femmes]]/$J$32 -> 0.24545573 | M29: =Table15[[#This Row],[Proj_2020_Total]]/$J$32 -> 0.48618281 | N29: 158197.47 | O29: 161304.97 | P29: 319502.44 | Q29: =Table15[[#This Row],[Proj2021_Hommes22]]/$P$32 -> 0.24072708 | R29: =Table15[[#This Row],[Proj2021_Femmes32]]/$P$32 -> 0.24545573 | S29: =Table15[[#This Row],[Proj_2021_Total43]]/$P$32 -> 0.48618281 | T29: =Q29*$V$32 -> 161125.85 | U29: =R29*$V$32 -> 164290.87 | V29: =S29*$V$32 -> 325416.73 | W29: =T29/$V$32 -> 0.24072708 | X29: =U29/$V$32 -> 0.24545573 | Y29: =V29/$V$32 -> 0.48618281 | Z29: =W29*$AB$32 -> 169629.23 | AA29: =X29*$AB$32 -> 172961.29 | AB29: =Y29*$AB$32 -> 342590.52
A30: TD0703 | B30: Kaya | C30: Kaya | D30: TD07 | E30: Lac | F30: 27453 | G30: 26731 | H30: 29030 | I30: 28267 | J30: 57297 | K30: =Table15[[#This Row],[Proj2020_Hommes]]/$J$32 -> 0.045454474 | L30: =Table15[[#This Row],[Proj2020_Femmes]]/$J$32 -> 0.044259787 | M30: =Table15[[#This Row],[Proj_2020_Total]]/$J$32 -> 0.089714262 | N30: 29871.1 | O30: 29085.994 | P30: 58957.094 | Q30: =Table15[[#This Row],[Proj2021_Hommes22]]/$P$32 -> 0.045454474 | R30: =Table15[[#This Row],[Proj2021_Femmes32]]/$P$32 -> 0.044259787 | S30: =Table15[[#This Row],[Proj_2021_Total43]]/$P$32 -> 0.089714262 | T30: =Q30*$V$32 -> 30424.042 | U30: =R30*$V$32 -> 29624.402 | V30: =S30*$V$32 -> 60048.444 | W30: =T30/$V$32 -> 0.045454474 | X30: =U30/$V$32 -> 0.044259787 | Y30: =V30/$V$32 -> 0.089714262 | Z30: =W30*$AB$32 -> 32029.664 | AA30: =X30*$AB$32 -> 31187.823 | AB30: =Y30*$AB$32 -> 63217.487
A31: TD0704 | B31: Fouli | C31: Fouli | D31: TD07 | E31: Lac | F31: 40496 | G31: 37630 | H31: 54553 | I31: 50690 | J31: 105243 | K31: =Table15[[#This Row],[Proj2020_Hommes]]/$J$32 -> 0.085417772 | L31: =Table15[[#This Row],[Proj2020_Femmes]]/$J$32 -> 0.07936918 | M31: =Table15[[#This Row],[Proj_2020_Total]]/$J$32 -> 0.16478695 | N31: 56133.591 | O31: 52158.666 | P31: 108292.26 | Q31: =Table15[[#This Row],[Proj2021_Hommes22]]/$P$32 -> 0.085417772 | R31: =Table15[[#This Row],[Proj2021_Femmes32]]/$P$32 -> 0.07936918 | S31: =Table15[[#This Row],[Proj_2021_Total43]]/$P$32 -> 0.16478695 | T31: =Q31*$V$32 -> 57172.675 | U31: =R31*$V$32 -> 53124.171 | V31: =S31*$V$32 -> 110296.85 | W31: =T31/$V$32 -> 0.085417772 | X31: =U31/$V$32 -> 0.07936918 | Y31: =V31/$V$32 -> 0.16478695 | Z31: =W31*$AB$32 -> 60189.95 | AA31: =X31*$AB$32 -> 55927.787 | AB31: =Y31*$AB$32 -> 116117.74
J32: =J31+J30+J29+J28 -> 638661 | N32: =[1]Sheet1!$D$32 -> 657165.24 | P32: =P31+P30+P29+P28 -> 657165.24 | V32: 669329.97 | AB32: 704653.71
A33: TD0801 | B33: Lac Wey | C33: Lac Wey | D33: TD08 | E33: Logone Occidental | F33: 209328 | G33: 216109 | H33: 244417 | I33: 252334 | J33: 496751 | K33: =Table15[[#This Row],[Proj2020_Hommes]]/$J$37 -> 0.23671409 | L33: =Table15[[#This Row],[Proj2020_Femmes]]/$J$37 -> 0.24438158 | M33: =Table15[[#This Row],[Proj_2020_Total]]/$J$37 -> 0.48109567 | N33: 251498.46 | O33: 259644.84 | P33: 511143.3 | Q33: =Table15[[#This Row],[Proj2021_Hommes22]]/$P$37 -> 0.23671409 | R33: =Table15[[#This Row],[Proj2021_Femmes32]]/$P$37 -> 0.24438158 | S33: =Table15[[#This Row],[Proj_2021_Total43]]/$P$37 -> 0.48109567 | T33: =Q33*$V$37 -> 256153.93 | U33: =R33*$V$37 -> 264451.11 | V33: =S33*$V$37 -> 520605.04 | W33: =T33/$V$37 -> 0.23671409 | X33: =U33/$V$37 -> 0.24438158 | Y33: =V33/$V$37 -> 0.48109567 | Z33: =W33*$AB$37 -> 269672.4 | AA33: =X33*$AB$37 -> 278407.45 | AB33: =Y33*$AB$37 -> 548079.85
A34: TD0802 | B34: Dodjé | C34: Dodje | D34: TD08 | E34: Logone Occidental | F34: 65617 | G34: 70887 | H34: 76616 | I34: 82769 | J34: 159385 | K34: =Table15[[#This Row],[Proj2020_Hommes]]/$J$37 -> 0.074201412 | L34: =Table15[[#This Row],[Proj2020_Femmes]]/$J$37 -> 0.080160497 | M34: =Table15[[#This Row],[Proj_2020_Total]]/$J$37 -> 0.15436191 | N34: 78835.785 | O34: 85167.056 | P34: 164002.84 | Q34: =Table15[[#This Row],[Proj2021_Hommes22]]/$P$37 -> 0.074201412 | R34: =Table15[[#This Row],[Proj2021_Femmes32]]/$P$37 -> 0.080160497 | S34: =Table15[[#This Row],[Proj_2021_Total43]]/$P$37 -> 0.15436191 | T34: =Q34*$V$37 -> 80295.109 | U34: =R34*$V$37 -> 86743.576 | V34: =S34*$V$37 -> 167038.69 | W34: =T34/$V$37 -> 0.074201412 | X34: =U34/$V$37 -> 0.080160497 | Y34: =V34/$V$37 -> 0.15436191 | Z34: =W34*$AB$37 -> 84532.665 | AA34: =X34*$AB$37 -> 91321.449 | AB34: =Y34*$AB$37 -> 175854.11
A35: TD0803 | B35: Guéni | C35: Gueni | D35: TD08 | E35: Logone Occidental | F35: 56819 | G35: 61270 | H35: 66344 | I35: 71540 | J35: 137884 | K35: =Table15[[#This Row],[Proj2020_Hommes]]/$J$37 -> 0.064253139 | L35: =Table15[[#This Row],[Proj2020_Femmes]]/$J$37 -> 0.069285384 | M35: =Table15[[#This Row],[Proj_2020_Total]]/$J$37 -> 0.13353852 | N35: 68266.176 | O35: 73612.719 | P35: 141878.9 | Q35: =Table15[[#This Row],[Proj2021_Hommes22]]/$P$37 -> 0.064253139 | R35: =Table15[[#This Row],[Proj2021_Femmes32]]/$P$37 -> 0.069285384 | S35: =Table15[[#This Row],[Proj_2021_Total43]]/$P$37 -> 0.13353852 | T35: =Q35*$V$37 -> 69529.846 | U35: =R35*$V$37 -> 74975.359 | V35: =S35*$V$37 -> 144505.2 | W35: =T35/$V$37 -> 0.064253139 | X35: =U35/$V$37 -> 0.069285384 | Y35: =V35/$V$37 -> 0.13353852 | Z35: =W35*$AB$37 -> 73199.268 | AA35: =X35*$AB$37 -> 78932.167 | AB35: =Y35*$AB$37 -> 152131.43
A36: TD0804 | B36: Ngourkosso | C36: Ngourkosso | D36: TD08 | E36: Logone Occidental | F36: 97345 | G36: 106934 | H36: 113662 | I36: 124859 | J36: 238521 | K36: =Table15[[#This Row],[Proj2020_Hommes]]/$J$37 -> 0.11007989 | L36: =Table15[[#This Row],[Proj2020_Femmes]]/$J$37 -> 0.12092401 | M36: =Table15[[#This Row],[Proj_2020_Total]]/$J$37 -> 0.2310039 | N36: 116955.11 | O36: 128476.52 | P36: 245431.64 | Q36: =Table15[[#This Row],[Proj2021_Hommes22]]/$P$37 -> 0.11007989 | R36: =Table15[[#This Row],[Proj2021_Femmes32]]/$P$37 -> 0.12092401 | S36: =Table15[[#This Row],[Proj_2021_Total43]]/$P$37 -> 0.2310039 | T36: =Q36*$V$37 -> 119120.06 | U36: =R36*$V$37 -> 130854.74 | V36: =S36*$V$37 -> 249974.8 | W36: =T36/$V$37 -> 0.11007989 | X36: =U36/$V$37 -> 0.12092401 | Y36: =V36/$V$37 -> 0.2310039 | Z36: =W36*$AB$37 -> 125406.6 | AA36: =X36*$AB$37 -> 137760.57 | AB36: =Y36*$AB$37 -> 263167.17
J37: =J36+J35+J34+J33 -> 1032541 | N37: =[1]Sheet1!$D$33 -> 1062456.7 | P37: =P36+P35+P34+P33 -> 1062456.7 | V37: 1082123.7 | AB37: 1139232.6
A38: TD0901 | B38: La Pendé | C38: La Pende | D38: TD09 | E38: Logone Oriental | F38: 99688 | G38: 106239 | H38: 115731 | I38: 123336 | J38: 239067 | K38: =Table15[[#This Row],[Proj2020_Hommes]]/$J$44 -> 0.099669122 | L38: =Table15[[#This Row],[Proj2020_Femmes]]/$J$44 -> 0.10621865 | M38: =Table15[[#This Row],[Proj_2020_Total]]/$J$44 -> 0.20588777 | N38: 119084.05 | O38: 126909.38 | P38: 245993.43 | Q38: =Table15[[#This Row],[Proj2021_Hommes22]]/$P$44 -> 0.099669122 | R38: =Table15[[#This Row],[Proj2021_Femmes32]]/$P$44 -> 0.10621865 | S38: =Table15[[#This Row],[Proj_2021_Total43]]/$P$44 -> 0.20588777 | T38: =Q38*$V$44 -> 121288.4 | U38: =R38*$V$44 -> 129258.59 | V38: =S38*$V$44 -> 250547 | W38: =T38/$V$44 -> 0.099669122 | X38: =U38/$V$44 -> 0.10621865 | Y38: =V38/$V$44 -> 0.20588777 | Z38: =W38*$AB$44 -> 127689.37 | AA38: =X38*$AB$44 -> 136080.19 | AB38: =Y38*$AB$44 -> 263769.56
A39: TD0902 | B39: Kouh Est | C39: Kouh Est | D39: TD09 | E39: Logone Oriental | F39: 62349 | G39: 67722 | H39: 72383 | I39: 78620 | J39: 151003 | K39: =Table15[[#This Row],[Proj2020_Hommes]]/$J$44 -> 0.062337231 | L39: =Table15[[#This Row],[Proj2020_Femmes]]/$J$44 -> 0.06770862 | M39: =Table15[[#This Row],[Proj_2020_Total]]/$J$44 -> 0.13004585 | N39: 74480.135 | O39: 80897.838 | P39: 155377.97 | Q39: =Table15[[#This Row],[Proj2021_Hommes22]]/$P$44 -> 0.062337231 | R39: =Table15[[#This Row],[Proj2021_Femmes32]]/$P$44 -> 0.06770862 | S39: =Table15[[#This Row],[Proj_2021_Total43]]/$P$44 -> 0.13004585 | T39: =Q39*$V$44 -> 75858.831 | U39: =R39*$V$44 -> 82395.332 | V39: =S39*$V$44 -> 158254.16 | W39: =T39/$V$44 -> 0.062337231 | X39: =U39/$V$44 -> 0.06770862 | Y39: =V39/$V$44 -> 0.13004585 | Z39: =W39*$AB$44 -> 79862.264 | AA39: =X39*$AB$44 -> 86743.728 | AB39: =Y39*$AB$44 -> 166605.99
A40: TD0903 | B40: Kouh Ouest | C40: Kouh Ouest | D40: TD09 | E40: Logone Oriental | F40: 31240 | G40: 32307 | H40: 36268 | I40: 37505 | J40: 73773 | K40: =Table15[[#This Row],[Proj2020_Hommes]]/$J$44 -> 0.031234498 | L40: =Table15[[#This Row],[Proj2020_Femmes]]/$J$44 -> 0.032299819 | M40: =Table15[[#This Row],[Proj_2020_Total]]/$J$44 -> 0.063534318 | N40: 37318.784 | O40: 38591.623 | P40: 75910.407 | Q40: =Table15[[#This Row],[Proj2021_Hommes22]]/$P$44 -> 0.031234498 | R40: =Table15[[#This Row],[Proj2021_Femmes32]]/$P$44 -> 0.032299819 | S40: =Table15[[#This Row],[Proj_2021_Total43]]/$P$44 -> 0.063534318 | T40: =Q40*$V$44 -> 38009.589 | U40: =R40*$V$44 -> 39305.99 | V40: =S40*$V$44 -> 77315.579 | W40: =T40/$V$44 -> 0.031234498 | X40: =U40/$V$44 -> 0.032299819 | Y40: =V40/$V$44 -> 0.063534318 | Z40: =W40*$AB$44 -> 40015.537 | AA40: =X40*$AB$44 -> 41380.355 | AB40: =Y40*$AB$44 -> 81395.892
A41: TD0904 | B41: La Nya | C41: La Nya | D41: TD09 | E41: Logone Oriental | F41: 89786 | G41: 91094 | H41: 104235 | I41: 105754 | J41: 209989 | K41: =Table15[[#This Row],[Proj2020_Hommes]]/$J$44 -> 0.089768609 | L41: =Table15[[#This Row],[Proj2020_Femmes]]/$J$44 -> 0.091076793 | M41: =Table15[[#This Row],[Proj_2020_Total]]/$J$44 -> 0.1808454 | N41: 107254.98 | O41: 108817.99 | P41: 216072.96 | Q41: =Table15[[#This Row],[Proj2021_Hommes22]]/$P$44 -> 0.089768609 | R41: =Table15[[#This Row],[Proj2021_Femmes32]]/$P$44 -> 0.091076793 | S41: =Table15[[#This Row],[Proj_2021_Total43]]/$P$44 -> 0.1808454 | T41: =Q41*$V$44 -> 109240.36 | U41: =R41*$V$44 -> 110832.31 | V41: =S41*$V$44 -> 220072.67 | W41: =T41/$V$44 -> 0.089768609 | X41: =U41/$V$44 -> 0.091076793 | Y41: =V41/$V$44 -> 0.1808454 | Z41: =W41*$AB$44 -> 115005.5 | AA41: =X41*$AB$44 -> 116681.46 | AB41: =Y41*$AB$44 -> 231686.96
A42: TD0905 | B42: La Nya Pendé | C42: La Nya Pende | D42: TD09 | E42: Logone Oriental | F42: 67907 | G42: 70814 | H42: 78835 | I42: 82210 | J42: 161045 | K42: =Table15[[#This Row],[Proj2020_Hommes]]/$J$44 -> 0.067893781 | L42: =Table15[[#This Row],[Proj2020_Femmes]]/$J$44 -> 0.070800378 | M42: =Table15[[#This Row],[Proj_2020_Total]]/$J$44 -> 0.13869416 | N42: 81119.068 | O42: 84591.851 | P42: 165710.92 | Q42: =Table15[[#This Row],[Proj2021_Hommes22]]/$P$44 -> 0.067893781 | R42: =Table15[[#This Row],[Proj2021_Femmes32]]/$P$44 -> 0.070800378 | S42: =Table15[[#This Row],[Proj_2021_Total43]]/$P$44 -> 0.13869416 | T42: =Q42*$V$44 -> 82620.657 | U42: =R42*$V$44 -> 86157.724 | V42: =S42*$V$44 -> 168778.38 | W42: =T42/$V$44 -> 0.067893781 | X42: =U42/$V$44 -> 0.070800378 | Y42: =V42/$V$44 -> 0.13869416 | Z42: =W42*$AB$44 -> 86980.943 | AA42: =X42*$AB$44 -> 90704.679 | AB42: =Y42*$AB$44 -> 177685.62
A43: TD0906 | B43: Monts de Lam | C43: Monts de Lam | D43: TD09 | E43: Logone Oriental | F43: 135568 | G43: 145478 | H43: 157385 | I43: 168890 | J43: 326275 | K43: =Table15[[#This Row],[Proj2020_Hommes]]/$J$44 -> 0.13554212 | L43: =Table15[[#This Row],[Proj2020_Femmes]]/$J$44 -> 0.14545038 | M43: =Table15[[#This Row],[Proj_2020_Total]]/$J$44 -> 0.2809925 | N43: 161944.88 | O43: 173783.21 | P43: 335728.09 | Q43: =Table15[[#This Row],[Proj2021_Hommes22]]/$P$44 -> 0.13554212 | R43: =Table15[[#This Row],[Proj2021_Femmes32]]/$P$44 -> 0.14545038 | S43: =Table15[[#This Row],[Proj_2021_Total43]]/$P$44 -> 0.2809925 | T43: =Q43*$V$44 -> 164942.63 | U43: =R43*$V$44 -> 177000.1 | V43: =S43*$V$44 -> 341942.72 | W43: =T43/$V$44 -> 0.13554212 | X43: =U43/$V$44 -> 0.14545038 | Y43: =V43/$V$44 -> 0.2809925 | Z43: =W43*$AB$44 -> 173647.44 | AA43: =X43*$AB$44 -> 186341.24 | AB43: =Y43*$AB$44 -> 359988.68
J44: =J43+J42+J41+J40+J39+J38 -> 1161152 | N44: =[1]Sheet1!$D$34 -> 1194793.8 | P44: =P43+P42+P41+P40+P39+P38 -> 1194793.8 | V44: 1216910.5 | AB44: 1281132.7
A45: TD1001 | B45: Mandoul Oriental | C45: Mandoul Oriental | D45: TD10 | E45: Mandoul | F45: 159561 | G45: 169135 | H45: 183762 | I45: 194787 | J45: 378549 | K45: =Table15[[#This Row],[Proj2020_Hommes]]/$J$48 -> 0.19795455 | L45: =Table15[[#This Row],[Proj2020_Femmes]]/$J$48 -> 0.20983105 | M45: =Table15[[#This Row],[Proj_2020_Total]]/$J$48 -> 0.4077856 | N45: 189085.93 | O45: 200430.34 | P45: 389516.27 | Q45: =Table15[[#This Row],[Proj2021_Hommes22]]/$P$48 -> 0.19795455 | R45: =Table15[[#This Row],[Proj2021_Femmes32]]/$P$48 -> 0.20983105 | S45: =Table15[[#This Row],[Proj_2021_Total43]]/$P$48 -> 0.4077856 | T45: =Q45*$V$48 -> 192586.08 | U45: =R45*$V$48 -> 204140.5 | V45: =S45*$V$48 -> 396726.58 | W45: =T45/$V$48 -> 0.19795455 | X45: =U45/$V$48 -> 0.20983105 | Y45: =V45/$V$48 -> 0.4077856 | Z45: =W45*$AB$48 -> 202749.77 | AA45: =X45*$AB$48 -> 214913.96 | AB45: =Y45*$AB$48 -> 417663.74
A46: TD1002 | B46: Barh-Sara | C46: Barh-Sara | D46: TD10 | E46: Mandoul | F46: 136659 | G46: 142159 | H46: 157386 | I46: 163719 | J46: 321105 | K46: =Table15[[#This Row],[Proj2020_Hommes]]/$J$48 -> 0.16954144 | L46: =Table15[[#This Row],[Proj2020_Femmes]]/$J$48 -> 0.17636356 | M46: =Table15[[#This Row],[Proj_2020_Total]]/$J$48 -> 0.34590501 | N46: 161945.77 | O46: 168462.25 | P46: 330408.01 | Q46: =Table15[[#This Row],[Proj2021_Hommes22]]/$P$48 -> 0.16954144 | R46: =Table15[[#This Row],[Proj2021_Femmes32]]/$P$48 -> 0.17636356 | S46: =Table15[[#This Row],[Proj_2021_Total43]]/$P$48 -> 0.34590501 | T46: =Q46*$V$48 -> 164943.53 | U46: =R46*$V$48 -> 171580.64 | V46: =S46*$V$48 -> 336524.17 | W46: =T46/$V$48 -> 0.16954144 | X46: =U46/$V$48 -> 0.17636356 | Y46: =V46/$V$48 -> 0.34590501 | Z46: =W46*$AB$48 -> 173648.39 | AA46: =X46*$AB$48 -> 180635.77 | AB46: =Y46*$AB$48 -> 354284.16
A47: TD1003 | B47: Mandoul Occidental | C47: Mandoul Occidental | D47: TD10 | E47: Mandoul | F47: 95980 | G47: 102557 | H47: 110538 | I47: 118112 | J47: 228650 | K47: =Table15[[#This Row],[Proj2020_Hommes]]/$J$48 -> 0.11907522 | L47: =Table15[[#This Row],[Proj2020_Femmes]]/$J$48 -> 0.12723418 | M47: =Table15[[#This Row],[Proj_2020_Total]]/$J$48 -> 0.2463094 | N47: 113740.49 | O47: 121533.93 | P47: 235274.42 | Q47: =Table15[[#This Row],[Proj2021_Hommes22]]/$P$48 -> 0.11907522 | R47: =Table15[[#This Row],[Proj2021_Femmes32]]/$P$48 -> 0.12723418 | S47: =Table15[[#This Row],[Proj_2021_Total43]]/$P$48 -> 0.2463094 | T47: =Q47*$V$48 -> 115845.93 | U47: =R47*$V$48 -> 123783.63 | V47: =S47*$V$48 -> 239629.57 | W47: =T47/$V$48 -> 0.11907522 | X47: =U47/$V$48 -> 0.12723418 | Y47: =V47/$V$48 -> 0.2463094 | Z47: =W47*$AB$48 -> 121959.68 | AA47: =X47*$AB$48 -> 130316.28 | AB47: =Y47*$AB$48 -> 252275.96
J48: =J47+J46+J45 -> 928304 | N48: =[1]Sheet1!$D$35 -> 955198.71 | P48: =P47+P46+P45 -> 955198.71 | V48: 972880.32 | AB48: 1024223.9
A49: TD1101 | B49: Mayo-Boneye | C49: Mayo-Boneye | D49: TD11 | E49: Mayo-Kebbi Est | F49: 147459 | G49: 155378 | H49: 170051 | I49: 179182 | J49: 349233 | K49: =Table15[[#This Row],[Proj2020_Hommes]]/$J$53 -> 0.1482987 | L49: =Table15[[#This Row],[Proj2020_Femmes]]/$J$53 -> 0.15626169 | M49: =Table15[[#This Row],[Proj_2020_Total]]/$J$53 -> 0.30456039 | N49: 174977.7 | O49: 184373.24 | P49: 359350.93 | Q49: =Table15[[#This Row],[Proj2021_Hommes22]]/$P$53 -> 0.1482987 | R49: =Table15[[#This Row],[Proj2021_Femmes32]]/$P$53 -> 0.15626169 | S49: =Table15[[#This Row],[Proj_2021_Total43]]/$P$53 -> 0.30456039 | T49: =Q49*$V$53 -> 178216.7 | U49: =R49*$V$53 -> 187786.16 | V49: =S49*$V$53 -> 366002.85 | W49: =T49/$V$53 -> 0.1482987 | X49: =U49/$V$53 -> 0.15626169 | Y49: =V49/$V$53 -> 0.30456039 | Z49: =W49*$AB$53 -> 187622.04 | AA49: =X49*$AB$53 -> 197696.53 | AB49: =Y49*$AB$53 -> 385318.57
A50: TD1102 | B50: Kabbia | C50: Kabbia | D50: TD11 | E50: Mayo-Kebbi Est | F50: 139618 | G50: 154065 | H50: 161006 | I50: 177669 | J50: 338675 | K50: =Table15[[#This Row],[Proj2020_Hommes]]/$J$53 -> 0.1404107 | L50: =Table15[[#This Row],[Proj2020_Femmes]]/$J$53 -> 0.15494223 | M50: =Table15[[#This Row],[Proj_2020_Total]]/$J$53 -> 0.29535293 | N50: 165670.65 | O50: 182816.4 | P50: 348487.05 | Q50: =Table15[[#This Row],[Proj2021_Hommes22]]/$P$53 -> 0.1404107 | R50: =Table15[[#This Row],[Proj2021_Femmes32]]/$P$53 -> 0.15494223 | S50: =Table15[[#This Row],[Proj_2021_Total43]]/$P$53 -> 0.29535293 | T50: =Q50*$V$53 -> 168737.36 | U50: =R50*$V$53 -> 186200.5 | V50: =S50*$V$53 -> 354937.87 | W50: =T50/$V$53 -> 0.1404107 | X50: =U50/$V$53 -> 0.15494223 | Y50: =V50/$V$53 -> 0.29535293 | Z50: =W50*$AB$53 -> 177642.44 | AA50: =X50*$AB$53 -> 196027.19 | AB50: =Y50*$AB$53 -> 373669.63
A51: TD1103 | B51: Mayo-Lemié | C51: Mayo-Lemie | D51: TD11 | E51: Mayo-Kebbi Est | F51: 51880 | G51: 53423 | H51: 59828 | I51: 61608 | J51: 121436 | K51: =Table15[[#This Row],[Proj2020_Hommes]]/$J$53 -> 0.05217502 | L51: =Table15[[#This Row],[Proj2020_Femmes]]/$J$53 -> 0.053727329 | M51: =Table15[[#This Row],[Proj_2020_Total]]/$J$53 -> 0.10590235 | N51: 61561.329 | O51: 63392.899 | P51: 124954.23 | Q51: =Table15[[#This Row],[Proj2021_Hommes22]]/$P$53 -> 0.05217502 | R51: =Table15[[#This Row],[Proj2021_Femmes32]]/$P$53 -> 0.053727329 | S51: =Table15[[#This Row],[Proj_2021_Total43]]/$P$53 -> 0.10590235 | T51: =Q51*$V$53 -> 62700.886 | U51: =R51*$V$53 -> 64566.36 | V51: =S51*$V$53 -> 127267.25 | W51: =T51/$V$53 -> 0.05217502 | X51: =U51/$V$53 -> 0.053727329 | Y51: =V51/$V$53 -> 0.10590235 | Z51: =W51*$AB$53 -> 66009.912 | AA51: =X51*$AB$53 -> 67973.836 | AB51: =Y51*$AB$53 -> 133983.75
A52: TD1104 | B52: Mont Illi | C52: Mont Illi | D52: TD11 | E52: Mayo-Kebbi Est | F52: 137494 | G52: 155027 | H52: 158559 | I52: 178776 | J52: 337335 | K52: =Table15[[#This Row],[Proj2020_Hommes]]/$J$53 -> 0.13827671 | L52: =Table15[[#This Row],[Proj2020_Femmes]]/$J$53 -> 0.15590763 | M52: =Table15[[#This Row],[Proj_2020_Total]]/$J$53 -> 0.29418434 | N52: 163152.75 | O52: 183955.48 | P52: 347108.23 | Q52: =Table15[[#This Row],[Proj2021_Hommes22]]/$P$53 -> 0.13827671 | R52: =Table15[[#This Row],[Proj2021_Femmes32]]/$P$53 -> 0.15590763 | S52: =Table15[[#This Row],[Proj_2021_Total43]]/$P$53 -> 0.29418434 | T52: =Q52*$V$53 -> 166172.86 | U52: =R52*$V$53 -> 187360.66 | V52: =S52*$V$53 -> 353533.52 | W52: =T52/$V$53 -> 0.13827671 | X52: =U52/$V$53 -> 0.15590763 | Y52: =V52/$V$53 -> 0.29418434 | Z52: =W52*$AB$53 -> 174942.6 | AA52: =X52*$AB$53 -> 197248.58 | AB52: =Y52*$AB$53 -> 372191.17
J53: =J52+J51+J50+J49 -> 1146679 | N53: =[1]Sheet1!$D$36 -> 1179900.4 | P53: =P52+P51+P50+P49 -> 1179900.4 | V53: 1201741.5 | AB53: 1265163.1
A54: TD1201 | B54: Mayo-Dallah | C54: Mayo-Dallah | D54: TD12 | E54: Mayo-Kebbi Ouest | F54: 208194 | G54: 221412 | H54: 242956 | I54: 258381 | J54: 501337 | K54: =Table15[[#This Row],[Proj2020_Hommes]]/$J$57 -> 0.28738925 | L54: =Table15[[#This Row],[Proj2020_Femmes]]/$J$57 -> 0.30563527 | M54: =Table15[[#This Row],[Proj_2020_Total]]/$J$57 -> 0.59302452 | N54: =Table15[[#This Row],[Proj2020_Hommes2]]*$N$57 -> 249994.6 | O54: =Table15[[#This Row],[Proj2020_Femmes3]]*$N$57 -> 265866.47 | P54: =Table15[[#This Row],[Proj_2020_Total4]]*$N$57 -> 515861.06 | Q54: =Table15[[#This Row],[Proj2021_Hommes22]]/$P$57 -> 0.28738925 | R54: =Table15[[#This Row],[Proj2021_Femmes32]]/$P$57 -> 0.30563527 | S54: =Table15[[#This Row],[Proj_2021_Total43]]/$P$57 -> 0.59302452 | T54: =Q54*$V$57 -> 254622.23 | U54: =R54*$V$57 -> 270787.9 | V54: =S54*$V$57 -> 525410.13 | W54: =T54/$V$57 -> 0.28738925 | X54: =U54/$V$57 -> 0.30563527 | Y54: =V54/$V$57 -> 0.59302452 | Z54: =W54*$AB$57 -> 268059.86 | AA54: =X54*$AB$57 -> 285078.67 | AB54: =Y54*$AB$57 -> 553138.53
A55: TD1202 | B55: Lac Léré | C55: Lac Lere | D55: TD12 | E55: Mayo-Kebbi Ouest | F55: 34078 | G55: 36381 | H55: 126725 | I55: 135104 | J55: 261829 | K55: =Table15[[#This Row],[Proj2020_Hommes]]/$J$57 -> 0.14990123 | L55: =Table15[[#This Row],[Proj2020_Femmes]]/$J$57 -> 0.15981263 | M55: =Table15[[#This Row],[Proj_2020_Total]]/$J$57 -> 0.30971386 | N55: =Table15[[#This Row],[Proj2020_Hommes2]]*$N$57 -> 130396.31 | O55: =Table15[[#This Row],[Proj2020_Femmes3]]*$N$57 -> 139018.05 | P55: =Table15[[#This Row],[Proj_2020_Total4]]*$N$57 -> 269414.36 | Q55: =Table15[[#This Row],[Proj2021_Hommes22]]/$P$57 -> 0.14990123 | R55: =Table15[[#This Row],[Proj2021_Femmes32]]/$P$57 -> 0.15981263 | S55: =Table15[[#This Row],[Proj_2021_Total43]]/$P$57 -> 0.30971386 | T55: =Q55*$V$57 -> 132810.06 | U55: =R55*$V$57 -> 141591.4 | V55: =S55*$V$57 -> 274401.47 | W55: =T55/$V$57 -> 0.14990123 | X55: =U55/$V$57 -> 0.15981263 | Y55: =V55/$V$57 -> 0.30971386 | Z55: =W55*$AB$57 -> 139819.08 | AA55: =X55*$AB$57 -> 149063.86 | AB55: =Y55*$AB$57 -> 288882.94
A56: TD1203 | B56: Mayo-Binder | C56: Mayo-Binder | D56: TD12 | E56: Mayo-Kebbi Ouest | F56: 108855 | G56: 115511 | H56: 39796 | I56: 42428 | J56: 82224 | K56: =Table15[[#This Row],[Proj2020_Hommes]]/$J$57 -> 0.047074131 | L56: =Table15[[#This Row],[Proj2020_Femmes]]/$J$57 -> 0.050187487 | M56: =Table15[[#This Row],[Proj_2020_Total]]/$J$57 -> 0.097261619 | N56: =Table15[[#This Row],[Proj2020_Hommes2]]*$N$57 -> 40948.916 | O56: =Table15[[#This Row],[Proj2020_Femmes3]]*$N$57 -> 43657.167 | P56: =Table15[[#This Row],[Proj_2020_Total4]]*$N$57 -> 84606.083 | Q56: =Table15[[#This Row],[Proj2021_Hommes22]]/$P$57 -> 0.047074131 | R56: =Table15[[#This Row],[Proj2021_Femmes32]]/$P$57 -> 0.050187487 | S56: =Table15[[#This Row],[Proj_2021_Total43]]/$P$57 -> 0.097261619 | T56: =Q56*$V$57 -> 41706.919 | U56: =R56*$V$57 -> 44465.302 | V56: =S56*$V$57 -> 86172.22 | W56: =T56/$V$57 -> 0.047074131 | X56: =U56/$V$57 -> 0.050187487 | Y56: =V56/$V$57 -> 0.097261619 | Z56: =W56*$AB$57 -> 43907.992 | AA56: =X56*$AB$57 -> 46811.948 | AB56: =Y56*$AB$57 -> 90719.94
J57: =J56+J55+J54 -> 845390 | N57: =[1]Sheet1!$D$37 -> 869881.5 | P57: =P56+P55+P54 -> 869881.5 | V57: 885983.81 | AB57: 932741.41
A58: TD1301 | B58: Bahr-Koh | C58: Bahr-Koh | D58: TD13 | E58: Moyen-Chari | F58: 195304 | G58: 198408 | H58: 227171 | I58: 230783 | J58: 457954 | K58: =Table15[[#This Row],[Proj2020_Hommes]]/$J$61 -> 0.25880234 | L58: =Table15[[#This Row],[Proj2020_Femmes]]/$J$61 -> 0.26291728 | M58: =Table15[[#This Row],[Proj_2020_Total]]/$J$61 -> 0.52171961 | N58: 233752.57 | O58: 237469.22 | P58: 471221.79 | Q58: =Table15[[#This Row],[Proj2021_Hommes22]]/$P$61 -> 0.25880234 | R58: =Table15[[#This Row],[Proj2021_Femmes32]]/$P$61 -> 0.26291728 | S58: =Table15[[#This Row],[Proj_2021_Total43]]/$P$61 -> 0.52171961 | T58: =Q58*$V$61 -> 238079.55 | U58: =R58*$V$61 -> 241864.99 | V58: =S58*$V$61 -> 479944.54 | W58: =T58/$V$61 -> 0.25880234 | X58: =U58/$V$61 -> 0.26291728 | Y58: =V58/$V$61 -> 0.52171961 | Z58: =W58*$AB$61 -> 250644.14 | AA58: =X58*$AB$61 -> 254629.36 | AB58: =Y58*$AB$61 -> 505273.5
A59: TD1302 | B59: Grande Sido | C59: Grande Sido | D59: TD13 | E59: Moyen-Chari | F59: 68275 | G59: 69096 | H59: 79415 | I59: 80371 | J59: 159786 | K59: =Table15[[#This Row],[Proj2020_Hommes]]/$J$61 -> 0.090472762 | L59: =Table15[[#This Row],[Proj2020_Femmes]]/$J$61 -> 0.091561876 | M59: =Table15[[#This Row],[Proj_2020_Total]]/$J$61 -> 0.18203464 | N59: 81715.801 | O59: 82699.499 | P59: 164415.3 | Q59: =Table15[[#This Row],[Proj2021_Hommes22]]/$P$61 -> 0.090472762 | R59: =Table15[[#This Row],[Proj2021_Femmes32]]/$P$61 -> 0.091561876 | S59: =Table15[[#This Row],[Proj_2021_Total43]]/$P$61 -> 0.18203464 | T59: =Q59*$V$61 -> 83228.436 | U59: =R59*$V$61 -> 84230.343 | V59: =S59*$V$61 -> 167458.78 | W59: =T59/$V$61 -> 0.090472762 | X59: =U59/$V$61 -> 0.091561876 | Y59: =V59/$V$61 -> 0.18203464 | Z59: =W59*$AB$61 -> 87620.799 | AA59: =X59*$AB$61 -> 88675.58 | AB59: =Y59*$AB$61 -> 176296.38
A60: TD1303 | B60: Lac Iro | C60: Lac Iro | D60: TD13 | E60: Moyen-Chari | F60: 110906 | G60: 112653 | H60: 129003 | I60: 131035 | J60: 260038 | K60: =Table15[[#This Row],[Proj2020_Hommes]]/$J$61 -> 0.14696541 | L60: =Table15[[#This Row],[Proj2020_Femmes]]/$J$61 -> 0.14928034 | M60: =Table15[[#This Row],[Proj_2020_Total]]/$J$61 -> 0.29624575 | N60: 132740.46 | O60: 134831.33 | P60: 267571.79 | Q60: =Table15[[#This Row],[Proj2021_Hommes22]]/$P$61 -> 0.14696541 | R60: =Table15[[#This Row],[Proj2021_Femmes32]]/$P$61 -> 0.14928034 | S60: =Table15[[#This Row],[Proj_2021_Total43]]/$P$61 -> 0.29624575 | T60: =Q60*$V$61 -> 135197.61 | U60: =R60*$V$61 -> 137327.18 | V60: =S60*$V$61 -> 272524.79 | W60: =T60/$V$61 -> 0.14696541 | X60: =U60/$V$61 -> 0.14928034 | Y60: =V60/$V$61 -> 0.29624575 | Z60: =W60*$AB$61 -> 142332.63 | AA60: =X60*$AB$61 -> 144574.59 | AB60: =Y60*$AB$61 -> 286907.22
J61: =J60+J59+J58 -> 877778 | N61: =[1]Sheet1!$D$38 -> 903208.87 | P61: =P60+P59+P58 -> 903208.87 | V61: 919928.11 | AB61: 968477.11
A62: TD1401 | B62: Ouara | C62: Ouara | D62: TD14 | E62: Ouaddai | F62: 209796 | G62: 211985 | H62: 242304 | I62: 244832 | J62: 487136 | K62: =Table15[[#This Row],[Proj2020_Hommes]]/$J$65 -> 0.22667562 | L62: =Table15[[#This Row],[Proj2020_Femmes]]/$J$65 -> 0.22904057 | M62: =Table15[[#This Row],[Proj_2020_Total]]/$J$65 -> 0.45571619 | N62: 249323.77 | O62: 251925.01 | P62: 501248.77 | Q62: =Table15[[#This Row],[Proj2021_Hommes22]]/$P$65 -> 0.22667562 | R62: =Table15[[#This Row],[Proj2021_Femmes32]]/$P$65 -> 0.22904057 | S62: =Table15[[#This Row],[Proj_2021_Total43]]/$P$65 -> 0.45571619 | T62: =Q62*$V$65 -> 253938.98 | U62: =R62*$V$65 -> 256588.37 | V62: =S62*$V$65 -> 510527.35 | W62: =T62/$V$65 -> 0.22667562 | X62: =U62/$V$65 -> 0.22904057 | Y62: =V62/$V$65 -> 0.45571619 | Z62: =W62*$AB$65 -> 267340.55 | AA62: =X62*$AB$65 -> 270129.77 | AB62: =Y62*$AB$65 -> 537470.32
A63: TD1402 | B63: Abdi | C63: Abdi | D63: TD14 | E63: Ouaddai | F63: 65337 | G63: 71832 | H63: 75461 | I63: 82963 | J63: 158424 | K63: =Table15[[#This Row],[Proj2020_Hommes]]/$J$65 -> 0.070593837 | L63: =Table15[[#This Row],[Proj2020_Femmes]]/$J$65 -> 0.077611965 | M63: =Table15[[#This Row],[Proj_2020_Total]]/$J$65 -> 0.1482058 | N63: 77647.174 | O63: 85366.514 | P63: 163013.69 | Q63: =Table15[[#This Row],[Proj2021_Hommes22]]/$P$65 -> 0.070593837 | R63: =Table15[[#This Row],[Proj2021_Femmes32]]/$P$65 -> 0.077611965 | S63: =Table15[[#This Row],[Proj_2021_Total43]]/$P$65 -> 0.1482058 | T63: =Q63*$V$65 -> 79084.495 | U63: =R63*$V$65 -> 86946.727 | V63: =S63*$V$65 -> 166031.22 | W63: =T63/$V$65 -> 0.070593837 | X63: =U63/$V$65 -> 0.077611965 | Y63: =V63/$V$65 -> 0.1482058 | Z63: =W63*$AB$65 -> 83258.162 | AA63: =X63*$AB$65 -> 91535.321 | AB63: =Y63*$AB$65 -> 174793.48
A64: TD1403 | B64: Assoungha | C64: Assoungha | D64: TD14 | E64: Ouaddai | F64: 172297 | G64: 194285 | H64: 198996 | I64: 224390 | J64: 423386 | K64: =Table15[[#This Row],[Proj2020_Hommes]]/$J$65 -> 0.18616095 | L64: =Table15[[#This Row],[Proj2020_Femmes]]/$J$65 -> 0.20991706 | M64: =Table15[[#This Row],[Proj_2020_Total]]/$J$65 -> 0.39607801 | N64: 204761.1 | O64: 230890.78 | P64: 435651.88 | Q64: =Table15[[#This Row],[Proj2021_Hommes22]]/$P$65 -> 0.18616095 | R64: =Table15[[#This Row],[Proj2021_Femmes32]]/$P$65 -> 0.20991706 | S64: =Table15[[#This Row],[Proj_2021_Total43]]/$P$65 -> 0.39607801 | T64: =Q64*$V$65 -> 208551.41 | U64: =R64*$V$65 -> 235164.78 | V64: =S64*$V$65 -> 443716.2 | W64: =T64/$V$65 -> 0.18616095 | X64: =U64/$V$65 -> 0.20991706 | Y64: =V64/$V$65 -> 0.39607801 | Z64: =W64*$AB$65 -> 219557.67 | AA64: =X64*$AB$65 -> 247575.55 | AB64: =Y64*$AB$65 -> 467133.22
J65: =J64+J63+J62 -> 1068946 | N65: =[1]Sheet1!$D$39 -> 1099914.3 | P65: =P64+P63+P62 -> 1099914.3 | V65: 1120274.8 | AB65: 1179397
A66: TD1501 | B66: Bahr-Azoum | C66: Bahr-Azoum | D66: TD15 | E66: Salamat | F66: 114644 | G66: 119198 | H66: 133123 | I66: 138412 | J66: 271535 | K66: =Table15[[#This Row],[Proj2020_Hommes]]/$J$69 -> 0.29549728 | L66: =Table15[[#This Row],[Proj2020_Femmes]]/$J$69 -> 0.30723743 | M66: =Table15[[#This Row],[Proj_2020_Total]]/$J$69 -> 0.60273471 | N66: 136979.82 | O66: 142422.06 | P66: 279401.88 | Q66: =Table15[[#This Row],[Proj2021_Hommes22]]/$P$69 -> 0.29549728 | R66: =Table15[[#This Row],[Proj2021_Femmes32]]/$P$69 -> 0.30723743 | S66: =Table15[[#This Row],[Proj_2021_Total43]]/$P$69 -> 0.60273471 | T66: =Q66*$V$69 -> 139515.45 | U66: =R66*$V$69 -> 145058.42 | V66: =S66*$V$69 -> 284573.86 | W66: =T66/$V$69 -> 0.29549728 | X66: =U66/$V$69 -> 0.30723743 | Y66: =V66/$V$69 -> 0.60273471 | Z66: =W66*$AB$69 -> 146878.34 | AA66: =X66*$AB$69 -> 152713.84 | AB66: =Y66*$AB$69 -> 299592.19
A67: TD1502 | B67: Aboudéia | C67: Aboudeia | D67: TD15 | E67: Salamat | F67: 39397 | G67: 43611 | H67: 45748 | I67: 50640 | J67: 96388 | K67: =Table15[[#This Row],[Proj2020_Hommes]]/$J$69 -> 0.10154826 | L67: =Table15[[#This Row],[Proj2020_Femmes]]/$J$69 -> 0.11240719 | M67: =Table15[[#This Row],[Proj_2020_Total]]/$J$69 -> 0.21395545 | N67: 47073.405 | O67: 52107.136 | P67: 99180.541 | Q67: =Table15[[#This Row],[Proj2021_Hommes22]]/$P$69 -> 0.10154826 | R67: =Table15[[#This Row],[Proj2021_Femmes32]]/$P$69 -> 0.11240719 | S67: =Table15[[#This Row],[Proj_2021_Total43]]/$P$69 -> 0.21395545 | T67: =Q67*$V$69 -> 47944.778 | U67: =R67*$V$69 -> 53071.687 | V67: =S67*$V$69 -> 101016.46 | W67: =T67/$V$69 -> 0.10154826 | X67: =U67/$V$69 -> 0.11240719 | Y67: =V67/$V$69 -> 0.21395545 | Z67: =W67*$AB$69 -> 50475.053 | AA67: =X67*$AB$69 -> 55872.533 | AB67: =Y67*$AB$69 -> 106347.59
A68: TD1503 | B68: Haraze-Mangueigne | C68: Haraze-Mangueigne | D68: TD15 | E68: Salamat | F68: 34496 | G68: 36623 | H68: 40057 | I68: 42525 | J68: 82582 | K68: =Table15[[#This Row],[Proj2020_Hommes]]/$J$69 -> 0.088915772 | L68: =Table15[[#This Row],[Proj2020_Femmes]]/$J$69 -> 0.094394069 | M68: =Table15[[#This Row],[Proj_2020_Total]]/$J$69 -> 0.18330984 | N68: 41217.526 | O68: 43757.029 | P68: 84974.555 | Q68: =Table15[[#This Row],[Proj2021_Hommes22]]/$P$69 -> 0.088915772 | R68: =Table15[[#This Row],[Proj2021_Femmes32]]/$P$69 -> 0.094394069 | S68: =Table15[[#This Row],[Proj_2021_Total43]]/$P$69 -> 0.18330984 | T68: =Q68*$V$69 -> 41980.501 | U68: =R68*$V$69 -> 44567.012 | V68: =S68*$V$69 -> 86547.513 | W68: =T68/$V$69 -> 0.088915772 | X68: =U68/$V$69 -> 0.094394069 | Y68: =V68/$V$69 -> 0.18330984 | Z68: =W68*$AB$69 -> 44196.012 | AA68: =X68*$AB$69 -> 46919.026 | AB68: =Y68*$AB$69 -> 91115.039
J69: =J68+J67+J66 -> 450505 | N69: =[1]Sheet1!$D$40 -> 463556.97 | P69: =P68+P67+P66 -> 463556.97 | V69: 472137.84 | AB69: 497054.81
A70: TD1601 | B70: Tandjilé Est | C70: Tandjile Est | D70: TD16 | E70: Tandjile | F70: 155778 | G70: 171016 | H70: 182685 | I70: 200554 | J70: 383239 | K70: =Table15[[#This Row],[Proj2020_Hommes]]/$J$73 -> 0.1833813 | L70: =Table15[[#This Row],[Proj2020_Femmes]]/$J$73 -> 0.20131841 | M70: =Table15[[#This Row],[Proj_2020_Total]]/$J$73 -> 0.3846997 | N70: =Table15[[#This Row],[Proj2020_Hommes2]]*$N$73 -> 187977.73 | O70: =Table15[[#This Row],[Proj2020_Femmes3]]*$N$73 -> 206364.43 | P70: =Table15[[#This Row],[Proj_2020_Total4]]*$N$73 -> 394342.15 | Q70: =Table15[[#This Row],[Proj2021_Hommes22]]/$P$73 -> 0.1833813 | R70: =Table15[[#This Row],[Proj2021_Femmes32]]/$P$73 -> 0.20131841 | S70: =Table15[[#This Row],[Proj_2021_Total43]]/$P$73 -> 0.3846997 | T70: =Q70*$V$73 -> 191457.37 | U70: =R70*$V$73 -> 210184.42 | V70: =S70*$V$73 -> 401641.79 | W70: =T70/$V$73 -> 0.1833813 | X70: =U70/$V$73 -> 0.20131841 | Y70: =V70/$V$73 -> 0.3846997 | Z70: =W70*$AB$73 -> 201561.49 | AA70: =X70*$AB$73 -> 221276.86 | AB70: =Y70*$AB$73 -> 422838.35
A71: TD1602 | B71: Tandjilé Ouest | C71: Tandjile Ouest | D71: TD16 | E71: Tandjile | F71: 54044 | G71: 58903 | H71: 229919 | I71: 250590 | J71: 480509 | K71: =Table15[[#This Row],[Proj2020_Hommes]]/$J$73 -> 0.23079533 | L71: =Table15[[#This Row],[Proj2020_Femmes]]/$J$73 -> 0.25154512 | M71: =Table15[[#This Row],[Proj_2020_Total]]/$J$73 -> 0.48234045 | N71: =Table15[[#This Row],[Proj2020_Hommes2]]*$N$73 -> 236580.18 | O71: =Table15[[#This Row],[Proj2020_Femmes3]]*$N$73 -> 257850.06 | P71: =Table15[[#This Row],[Proj_2020_Total4]]*$N$73 -> 494430.25 | Q71: =Table15[[#This Row],[Proj2021_Hommes22]]/$P$73 -> 0.23079533 | R71: =Table15[[#This Row],[Proj2021_Femmes32]]/$P$73 -> 0.25154512 | S71: =Table15[[#This Row],[Proj_2021_Total43]]/$P$73 -> 0.48234045 | T71: =Q71*$V$73 -> 240959.5 | U71: =R71*$V$73 -> 262623.11 | V71: =S71*$V$73 -> 503582.61 | W71: =T71/$V$73 -> 0.23079533 | X71: =U71/$V$73 -> 0.25154512 | Y71: =V71/$V$73 -> 0.48234045 | Z71: =W71*$AB$73 -> 253676.09 | AA71: =X71*$AB$73 -> 276482.98 | AB71: =Y71*$AB$73 -> 530159.07
A72: TD1603 | B72: Tandjilé Centre | C72: Tandjile Centre | D72: TD16 | E72: Tandjile | F72: 192450 | G72: 217288 | H72: 62213 | I72: 70242 | J72: 132455 | K72: =Table15[[#This Row],[Proj2020_Hommes]]/$J$73 -> 0.062450123 | L72: =Table15[[#This Row],[Proj2020_Femmes]]/$J$73 -> 0.070509725 | M72: =Table15[[#This Row],[Proj_2020_Total]]/$J$73 -> 0.13295985 | N72: =Table15[[#This Row],[Proj2020_Hommes2]]*$N$73 -> 64015.427 | O72: =Table15[[#This Row],[Proj2020_Femmes3]]*$N$73 -> 72277.042 | P72: =Table15[[#This Row],[Proj_2020_Total4]]*$N$73 -> 136292.47 | Q72: =Table15[[#This Row],[Proj2021_Hommes22]]/$P$73 -> 0.062450123 | R72: =Table15[[#This Row],[Proj2021_Femmes32]]/$P$73 -> 0.070509725 | S72: =Table15[[#This Row],[Proj_2021_Total43]]/$P$73 -> 0.13295985 | T72: =Q72*$V$73 -> 65200.412 | U72: =R72*$V$73 -> 73614.957 | V72: =S72*$V$73 -> 138815.37 | W72: =T72/$V$73 -> 0.062450123 | X72: =U72/$V$73 -> 0.070509725 | Y72: =V72/$V$73 -> 0.13295985 | Z72: =W72*$AB$73 -> 68641.349 | AA72: =X72*$AB$73 -> 77499.97 | AB72: =Y72*$AB$73 -> 146141.32
J73: =J72+J71+J70 -> 996203 | N73: =[1]Sheet1!$D$41 -> 1025064.9 | P73: =P72+P71+P70 -> 1025064.9 | V73: 1044039.8 | AB73: 1099138.7
A74: TD1701 | B74: Biltine | C74: Biltine | D74: TD17 | E74: Wadi Fira | F74: 102456 | G74: 114500 | H74: 118519 | I74: 132451 | J74: 250970 | K74: =Table15[[#This Row],[Proj2020_Hommes]]/$J$78 -> 0.15703268 | L74: =Table15[[#This Row],[Proj2020_Femmes]]/$J$78 -> 0.17549199 | M74: =Table15[[#This Row],[Proj_2020_Total]]/$J$78 -> 0.33252467 | N74: =Table15[[#This Row],[Proj2020_Hommes2]]*$N$78 -> 121952.56 | O74: =Table15[[#This Row],[Proj2020_Femmes3]]*$N$78 -> 136288.17 | P74: =Table15[[#This Row],[Proj_2020_Total4]]*$N$78 -> 258240.73 | Q74: =Table15[[#This Row],[Proj2021_Hommes22]]/$P$78 -> 0.15703268 | R74: =Table15[[#This Row],[Proj2021_Femmes32]]/$P$78 -> 0.17549199 | S74: =Table15[[#This Row],[Proj_2021_Total43]]/$P$78 -> 0.33252467 | T74: =Q74*$V$78 -> 124210.01 | U74: =R74*$V$78 -> 138810.99 | V74: =S74*$V$78 -> 263021 | W74: =T74/$V$78 -> 0.15703268 | X74: =U74/$V$78 -> 0.17549199 | Y74: =V74/$V$78 -> 0.33252467 | Z74: =W74*$AB$78 -> 130765.17 | AA74: =X74*$AB$78 -> 146136.71 | AB74: =Y74*$AB$78 -> 276901.88
A75: TD1702 | B75: Dar-Tama | C75: Dar-Tama | D75: TD17 | E75: Wadi Fira | F75: 111696 | G75: 118517 | H75: 129207 | I75: 137099 | J75: 266306 | K75: =Table15[[#This Row],[Proj2020_Hommes]]/$J$78 -> 0.17119383 | L75: =Table15[[#This Row],[Proj2020_Femmes]]/$J$78 -> 0.18165039 | M75: =Table15[[#This Row],[Proj_2020_Total]]/$J$78 -> 0.35284422 | N75: =Table15[[#This Row],[Proj2020_Hommes2]]*$N$78 -> 132950.19 | O75: =Table15[[#This Row],[Proj2020_Femmes3]]*$N$78 -> 141070.83 | P75: =Table15[[#This Row],[Proj_2020_Total4]]*$N$78 -> 274021.02 | Q75: =Table15[[#This Row],[Proj2021_Hommes22]]/$P$78 -> 0.17119383 | R75: =Table15[[#This Row],[Proj2021_Femmes32]]/$P$78 -> 0.18165039 | S75: =Table15[[#This Row],[Proj_2021_Total43]]/$P$78 -> 0.35284422 | T75: =Q75*$V$78 -> 135411.22 | U75: =R75*$V$78 -> 143682.18 | V75: =S75*$V$78 -> 279093.4 | W75: =T75/$V$78 -> 0.17119383 | X75: =U75/$V$78 -> 0.18165039 | Y75: =V75/$V$78 -> 0.35284422 | Z75: =W75*$AB$78 -> 142557.52 | AA75: =X75*$AB$78 -> 151264.97 | AB75: =Y75*$AB$78 -> 293822.5
A76: TD1703 | B76: Kobé | C76: Kobe | D76: TD17 | E76: Wadi Fira | F76: 87578 | G76: 91492 | H76: 101454 | I76: 105988 | J76: 207442 | K76: =Table15[[#This Row],[Proj2020_Hommes]]/$J$78 -> 0.13442227 | L76: =Table15[[#This Row],[Proj2020_Femmes]]/$J$78 -> 0.14042963 | M76: =Table15[[#This Row],[Proj_2020_Total]]/$J$78 -> 0.2748519 | N76: =Table15[[#This Row],[Proj2020_Hommes2]]*$N$78 -> 104393.17 | O76: =Table15[[#This Row],[Proj2020_Femmes3]]*$N$78 -> 109058.53 | P76: =Table15[[#This Row],[Proj_2020_Total4]]*$N$78 -> 213451.7 | Q76: =Table15[[#This Row],[Proj2021_Hommes22]]/$P$78 -> 0.13442227 | R76: =Table15[[#This Row],[Proj2021_Femmes32]]/$P$78 -> 0.14042963 | S76: =Table15[[#This Row],[Proj_2021_Total43]]/$P$78 -> 0.2748519 | T76: =Q76*$V$78 -> 106325.59 | U76: =R76*$V$78 -> 111077.3 | V76: =S76*$V$78 -> 217402.89 | W76: =T76/$V$78 -> 0.13442227 | X76: =U76/$V$78 -> 0.14042963 | Y76: =V76/$V$78 -> 0.2748519 | Z76: =W76*$AB$78 -> 111936.9 | AA76: =X76*$AB$78 -> 116939.38 | AB76: =Y76*$AB$78 -> 228876.28
A77: TD1704 | B77: Mégri | C77: Megri | D77: TD17 | E77: Wadi Fira | F77: 12948 | G77: 13264 | H77: 14831 | I77: 15192 | J77: 30023 | K77: =Table15[[#This Row],[Proj2020_Hommes]]/$J$78 -> 0.01965045 | L77: =Table15[[#This Row],[Proj2020_Femmes]]/$J$78 -> 0.020128759 | M77: =Table15[[#This Row],[Proj_2020_Total]]/$J$78 -> 0.039779209 | N77: =Table15[[#This Row],[Proj2020_Hommes2]]*$N$78 -> 15260.662 | O77: =Table15[[#This Row],[Proj2020_Femmes3]]*$N$78 -> 15632.12 | P77: =Table15[[#This Row],[Proj_2020_Total4]]*$N$78 -> 30892.782 | Q77: =Table15[[#This Row],[Proj2021_Hommes22]]/$P$78 -> 0.01965045 | R77: =Table15[[#This Row],[Proj2021_Femmes32]]/$P$78 -> 0.020128759 | S77: =Table15[[#This Row],[Proj_2021_Total43]]/$P$78 -> 0.039779209 | T77: =Q77*$V$78 -> 15543.151 | U77: =R77*$V$78 -> 15921.485 | V77: =S77*$V$78 -> 31464.636 | W77: =T77/$V$78 -> 0.01965045 | X77: =U77/$V$78 -> 0.020128759 | Y77: =V77/$V$78 -> 0.039779209 | Z77: =W77*$AB$78 -> 16363.437 | AA77: =X77*$AB$78 -> 16761.738 | AB77: =Y77*$AB$78 -> 33125.175
J78: =+J77+J76+J75+J74 -> 754741 | N78: =[1]Sheet1!$D$42 -> 776606.23 | P78: =P77+P76+P75+P74 -> 776606.23 | V78: 790981.93 | AB78: 832725.83
A79: TD1801 | B79: N'Djaména | C79: NDjamena | D79: TD18 | E79: N'Djamena | F79: 649673 | G79: 571363 | H79: 847188 | I79: 745070 | J79: 1592258 | K79: =Table15[[#This Row],[Proj2020_Hommes]]/$J$80 -> 0.53206704 | L79: =Table15[[#This Row],[Proj2020_Femmes]]/$J$80 -> 0.46793296 | M79: =Table15[[#This Row],[Proj_2020_Total]]/$J$80 -> 1 | N79: 871732.62 | O79: 766656.07 | P79: 1638388.7 | Q79: =Table15[[#This Row],[Proj2021_Hommes22]]/$P$79 -> 0.53206704 | R79: =Table15[[#This Row],[Proj2021_Femmes32]]/$P$79 -> 0.46793296 | S79: =Table15[[#This Row],[Proj_2021_Total43]]/$P$79 -> 1 | T79: =Q79*$V$79 -> 887869.2 | U79: =R79*$V$79 -> 780847.59 | V79: 1668716.8 | W79: =T79/$V$79 -> 0.53206704 | X79: =U79/$V$79 -> 0.46793296 | Y79: =V79/$V$79 -> 1 | Z79: =W79*$AB$79 -> 934726.3 | AA79: =X79*$AB$79 -> 822056.64 | AB79: 1756782.9
J80: =J79 -> 1592258 | N80: =[1]Sheet1!$D$43 -> 1638388.7
A81: TD1901 | B81: Barh-El-Gazel Sud | C81: Barh-El-Gazel Sud | D81: TD19 | E81: Barh-El-Gazel | F81: 96114 | G81: 85233 | H81: 108858 | I81: 96536 | J81: 205394 | K81: =Table15[[#This Row],[Proj2020_Hommes]]/$J$84 -> 0.2914983 | L81: =Table15[[#This Row],[Proj2020_Femmes]]/$J$84 -> 0.25850264 | M81: =Table15[[#This Row],[Proj_2020_Total]]/$J$84 -> 0.55000094 | N81: 112011.82 | O81: 99332.829 | P81: 211344.65 | Q81: =Table15[[#This Row],[Proj2021_Hommes22]]/$P$84 -> 0.2914983 | R81: =Table15[[#This Row],[Proj2021_Femmes32]]/$P$84 -> 0.25850264 | S81: =Table15[[#This Row],[Proj_2021_Total43]]/$P$84 -> 0.55000094 | T81: =Q81*$V$84 -> 114085.26 | U81: =R81*$V$84 -> 101171.57 | V81: =S81*$V$84 -> 215256.83 | W81: =T81/$V$84 -> 0.2914983 | X81: =U81/$V$84 -> 0.25850264 | Y81: =V81/$V$84 -> 0.55000094 | Z81: =W81*$AB$84 -> 120106.09 | AA81: =X81*$AB$84 -> 106510.88 | AB81: =Y81*$AB$84 -> 226616.97
A82: TD1902 | B82: Barh-El-Gazel Nord | C82: Barh-El-Gazel Nord | D82: TD19 | E82: Barh-El-Gazel | F82: 38862 | G82: 30533 | H82: 43918 | I82: 34505 | J82: 78423 | K82: =Table15[[#This Row],[Proj2020_Hommes]]/$J$84 -> 0.11760295 | L82: =Table15[[#This Row],[Proj2020_Femmes]]/$J$84 -> 0.092396966 | M82: =Table15[[#This Row],[Proj_2020_Total]]/$J$84 -> 0.20999992 | N82: 45190.387 | O82: 35504.675 | P82: 80695.061 | Q82: =Table15[[#This Row],[Proj2021_Hommes22]]/$P$84 -> 0.11760295 | R82: =Table15[[#This Row],[Proj2021_Femmes32]]/$P$84 -> 0.092396966 | S82: =Table15[[#This Row],[Proj_2021_Total43]]/$P$84 -> 0.20999992 | T82: =Q82*$V$84 -> 46026.903 | U82: =R82*$V$84 -> 36161.899 | V82: =S82*$V$84 -> 82188.801 | W82: =T82/$V$84 -> 0.11760295 | X82: =U82/$V$84 -> 0.092396966 | Y82: =V82/$V$84 -> 0.20999992 | Z82: =W82*$AB$84 -> 48455.962 | AA82: =X82*$AB$84 -> 38070.335 | AB82: =Y82*$AB$84 -> 86526.297
A83: TD1903 | B83: Barh-El-Gazel Ouest | C83: Barh-El-Gazel Ouest | D83: TD19 | E83: Barh-El-Gazel | F83: 43686 | G83: 35744 | H83: 49294 | I83: 40332 | J83: 89626 | K83: =Table15[[#This Row],[Proj2020_Hommes]]/$J$84 -> 0.13199873 | L83: =Table15[[#This Row],[Proj2020_Femmes]]/$J$84 -> 0.10800042 | M83: =Table15[[#This Row],[Proj_2020_Total]]/$J$84 -> 0.23999914 | N83: 50722.14 | O83: 41500.494 | P83: 92222.633 | Q83: =Table15[[#This Row],[Proj2021_Hommes22]]/$P$84 -> 0.13199873 | R83: =Table15[[#This Row],[Proj2021_Femmes32]]/$P$84 -> 0.10800042 | S83: =Table15[[#This Row],[Proj_2021_Total43]]/$P$84 -> 0.23999914 | T83: =Q83*$V$84 -> 51661.053 | U83: =R83*$V$84 -> 42268.706 | V83: =S83*$V$84 -> 93929.759 | W83: =T83/$V$84 -> 0.13199873 | X83: =U83/$V$84 -> 0.10800042 | Y83: =V83/$V$84 -> 0.23999914 | Z83: =W83*$AB$84 -> 54387.454 | AA83: =X83*$AB$84 -> 44499.428 | AB83: =Y83*$AB$84 -> 98886.882
J84: =J83+J82+J81 -> 373443 | N84: =[1]Sheet1!$D$44 -> 384262.34 | P84: =P83+P82+P81 -> 384262.34 | V84: 391375.39 | AB84: 412030.14
A85: TD2001 | B85: Am-Djarass | C85: Am-Djarass | D85: TD20 | E85: Ennedi Est | F85: 56054 | G85: 45861 | H85: 64354 | I85: 52652 | J85: 117006 | K85: =Table15[[#This Row],[Proj2020_Hommes]]/$J$87 -> 0.40704875 | L85: =Table15[[#This Row],[Proj2020_Femmes]]/$J$87 -> 0.33303183 | M85: =Table15[[#This Row],[Proj_2020_Total]]/$J$87 -> 0.74008058 | N85: 66218.456 | O85: 54177.427 | P85: 120395.88 | Q85: =Table15[[#This Row],[Proj2021_Hommes22]]/$P$87 -> 0.40704875 | R85: =Table15[[#This Row],[Proj2021_Femmes32]]/$P$87 -> 0.33303183 | S85: =Table15[[#This Row],[Proj_2021_Total43]]/$P$87 -> 0.74008058 | T85: =Q85*$V$87 -> 67444.221 | U85: =R85*$V$87 -> 55180.301 | V85: =S85*$V$87 -> 122624.52 | W85: =T85/$V$87 -> 0.40704875 | X85: =U85/$V$87 -> 0.33303183 | Y85: =V85/$V$87 -> 0.74008058 | Z85: =W85*$AB$87 -> 71003.575 | AA85: =X85*$AB$87 -> 58092.43 | AB85: =Y85*$AB$87 -> 129096
A86: TD2002 | B86: Wadi Hawar | C86: Wadi Hawar | D86: TD20 | E86: Ennedi Est | F86: 19686 | G86: 16108 | H86: 22600 | I86: 18493 | J86: 41093 | K86: =Table15[[#This Row],[Proj2020_Hommes]]/$J$87 -> 0.14294841 | L86: =Table15[[#This Row],[Proj2020_Femmes]]/$J$87 -> 0.11697101 | M86: =Table15[[#This Row],[Proj_2020_Total]]/$J$87 -> 0.25991942 | N86: 23254.764 | O86: 19028.777 | P86: 42283.541 | Q86: =Table15[[#This Row],[Proj2021_Hommes22]]/$P$87 -> 0.14294841 | R86: =Table15[[#This Row],[Proj2021_Femmes32]]/$P$87 -> 0.11697101 | S86: =Table15[[#This Row],[Proj_2021_Total43]]/$P$87 -> 0.25991942 | T86: =Q86*$V$87 -> 23685.232 | U86: =R86*$V$87 -> 19381.017 | V86: =S86*$V$87 -> 43066.249 | W86: =T86/$V$87 -> 0.14294841 | X86: =U86/$V$87 -> 0.11697101 | Y86: =V86/$V$87 -> 0.25991942 | Z86: =W86*$AB$87 -> 24935.214 | AA86: =X86*$AB$87 -> 20403.846 | AB86: =Y86*$AB$87 -> 45339.06
J87: =J86+J85 -> 158099 | N87: =ProjPop20_21_22_23_admin1!I6 -> 162679.42 | P87: =P86+P85 -> 162679.42 | V87: 165690.77 | AB87: 174435.06
A88: TD2101 | B88: Kimiti | C88: Kimiti | D88: TD21 | E88: Sila | F88: 195195 | G88: 197435 | H88: 221281 | I88: 223820 | J88: 445101 | K88: =Table15[[#This Row],[Proj2020_Hommes]]/$J$90 -> 0.39253986 | L88: =Table15[[#This Row],[Proj2020_Femmes]]/$J$90 -> 0.3970439 | M88: =Table15[[#This Row],[Proj_2020_Total]]/$J$90 -> 0.78958376 | N88: =Table15[[#This Row],[Proj2020_Hommes2]]*$N$90 -> 227691.93 | O88: =Table15[[#This Row],[Proj2020_Femmes3]]*$N$90 -> 230304.48 | P88: =Table15[[#This Row],[Proj_2020_Total4]]*$N$90 -> 457996.41 | Q88: =Table15[[#This Row],[Proj2021_Hommes22]]/$P$90 -> 0.39253986 | R88: =Table15[[#This Row],[Proj2021_Femmes32]]/$P$90 -> 0.3970439 | S88: =Table15[[#This Row],[Proj_2021_Total43]]/$P$90 -> 0.78958376 | T88: =Q88*$V$90 -> 231906.71 | U88: =R88*$V$90 -> 234567.63 | V88: =S88*$V$90 -> 466474.35 | W88: =T88/$V$90 -> 0.39253986 | X88: =U88/$V$90 -> 0.3970439 | Y88: =V88/$V$90 -> 0.78958376 | Z88: =W88*$AB$90 -> 326878.08 | AA88: =X88*$AB$90 -> 330628.71 | AB88: =Y88*$AB$90 -> 657506.79
A89: TD2102 | B89: Djourf Al Ahmar | C89: Djourf Al Ahmar | D89: TD21 | E89: Sila | F89: 51384 | G89: 53247 | H89: 58251 | I89: 60364 | J89: 118615 | K89: =Table15[[#This Row],[Proj2020_Hommes]]/$J$90 -> 0.10333395 | L89: =Table15[[#This Row],[Proj2020_Femmes]]/$J$90 -> 0.10708229 | M89: =Table15[[#This Row],[Proj_2020_Total]]/$J$90 -> 0.21041624 | N89: =Table15[[#This Row],[Proj2020_Hommes2]]*$N$90 -> 59938.641 | O89: =Table15[[#This Row],[Proj2020_Femmes3]]*$N$90 -> 62112.858 | P89: =Table15[[#This Row],[Proj_2020_Total4]]*$N$90 -> 122051.5 | Q89: =Table15[[#This Row],[Proj2021_Hommes22]]/$P$90 -> 0.10333395 | R89: =Table15[[#This Row],[Proj2021_Femmes32]]/$P$90 -> 0.10708229 | S89: =Table15[[#This Row],[Proj_2021_Total43]]/$P$90 -> 0.21041624 | T89: =Q89*$V$90 -> 61048.16 | U89: =R89*$V$90 -> 63262.625 | V89: =S89*$V$90 -> 124310.78 | W89: =T89/$V$90 -> 0.10333395 | X89: =U89/$V$90 -> 0.10708229 | Y89: =V89/$V$90 -> 0.21041624 | Z89: =W89*$AB$90 -> 86048.848 | AA89: =X89*$AB$90 -> 89170.188 | AB89: =Y89*$AB$90 -> 175219.04
J90: =J89+J88 -> 563716 | N90: =[1]Sheet1!$D$46 -> 580047.91 | P90: =P89+P88 -> 580047.91 | V90: 590785.13 | AB90: 832725.83
A91: TD2201 | B91: Tibesti Est | C91: Tibesti Est | D91: TD22 | E91: Tibesti | F91: 9733 | G91: 8731 | H91: 11245 | I91: 10087 | J91: 21332 | K91: =Table15[[#This Row],[Proj2020_Hommes]]/$J$93 -> 0.29761275 | L91: =Table15[[#This Row],[Proj2020_Femmes]]/$J$93 -> 0.26696485 | M91: =Table15[[#This Row],[Proj_2020_Total]]/$J$93 -> 0.5645776 | N91: =Table15[[#This Row],[Proj2020_Hommes2]]*$N$93 -> 11570.789 | O91: =Table15[[#This Row],[Proj2020_Femmes3]]*$N$93 -> 10379.239 | P91: =Table15[[#This Row],[Proj_2020_Total4]]*$N$93 -> 21950.028 | Q91: =Table15[[#This Row],[Proj2021_Hommes22]]/$P$93 -> 0.29761275 | R91: =Table15[[#This Row],[Proj2021_Femmes32]]/$P$93 -> 0.26696485 | S91: =Table15[[#This Row],[Proj_2021_Total43]]/$P$93 -> 0.5645776 | T91: =Q91*$V$93 -> 11784.975 | U91: =R91*$V$93 -> 10571.369 | V91: =S91*$V$93 -> 22356.343 | W91: =T91/$V$93 -> 0.29761275 | X91: =U91/$V$93 -> 0.26696485 | Y91: =V91/$V$93 -> 0.5645776 | Z91: =W91*$AB$93 -> 12406.924 | AA91: =X91*$AB$93 -> 11129.27 | AB91: =Y91*$AB$93 -> 23536.194
A92: TD2202 | B92: Tibesti Ouest | C92: Tibesti Ouest | D92: TD22 | E92: Tibesti | F92: 7813 | G92: 6427 | H92: 9027 | I92: 7425 | J92: 16452 | K92: =Table15[[#This Row],[Proj2020_Hommes]]/$J$93 -> 0.23891065 | L92: =Table15[[#This Row],[Proj2020_Femmes]]/$J$93 -> 0.19651175 | M92: =Table15[[#This Row],[Proj_2020_Total]]/$J$93 -> 0.4354224 | N92: =Table15[[#This Row],[Proj2020_Hommes2]]*$N$93 -> 9288.5291 | O92: =Table15[[#This Row],[Proj2020_Femmes3]]*$N$93 -> 7640.1162 | P92: =Table15[[#This Row],[Proj_2020_Total4]]*$N$93 -> 16928.645 | Q92: =Table15[[#This Row],[Proj2021_Hommes22]]/$P$93 -> 0.23891065 | R92: =Table15[[#This Row],[Proj2021_Femmes32]]/$P$93 -> 0.19651175 | S92: =Table15[[#This Row],[Proj_2021_Total43]]/$P$93 -> 0.4354224 | T92: =Q92*$V$93 -> 9460.4684 | U92: =R92*$V$93 -> 7781.5418 | V92: =S92*$V$93 -> 17242.01 | W92: =T92/$V$93 -> 0.23891065 | X92: =U92/$V$93 -> 0.19651175 | Y92: =V92/$V$93 -> 0.4354224 | Z92: =W92*$AB$93 -> 9959.7425 | AA92: =X92*$AB$93 -> 8192.2109 | AB92: =Y92*$AB$93 -> 18151.953
J93: =J92+J91 -> 37784 | N93: =[1]Sheet1!$D$47 -> 38878.673 | P93: =P92+P91 -> 38878.673 | V93: 39598.353 | AB93: 41688.148
A94: TD2301 | B94: Fada | C94: Fada | D94: TD23 | E94: Ennedi Ouest | F94: 27744 | G94: 22698 | H94: 31930 | I94: 26123 | J94: 58053 | K94: =Table15[[#This Row],[Proj2020_Hommes]]/$J$96 -> 0.35750675 | L94: =Table15[[#This Row],[Proj2020_Femmes]]/$J$96 -> 0.29248822 | M94: =Table15[[#This Row],[Proj_2020_Total]]/$J$96 -> 0.64999496 | N94: 32855.072 | O94: 26879.832 | P94: 59734.904 | Q94: =Table15[[#This Row],[Proj2021_Hommes22]]/$P$96 -> 0.35750675 | R94: =Table15[[#This Row],[Proj2021_Femmes32]]/$P$96 -> 0.29248822 | S94: =Table15[[#This Row],[Proj_2021_Total43]]/$P$96 -> 0.64999496 | T94: =Q94*$V$96 -> 33463.25 | U94: =R94*$V$96 -> 27377.403 | V94: =S94*$V$96 -> 60840.653 | W94: =T94/$V$96 -> 0.35750675 | X94: =U94/$V$96 -> 0.29248822 | Y94: =V94/$V$96 -> 0.64999496 | Z94: =W94*$AB$96 -> 35229.265 | AA94: =X94*$AB$96 -> 28822.239 | AB94: =Y94*$AB$96 -> 64051.504
A95: TD2303 | B95: Mourtcha | C95: Mourtcha | D95: TD23 | E95: Ennedi Ouest | F95: 15044 | G95: 12309 | H95: 17193 | I95: 14067 | J95: 31260 | K95: =Table15[[#This Row],[Proj2020_Hommes]]/$J$96 -> 0.19250277 | L95: =Table15[[#This Row],[Proj2020_Femmes]]/$J$96 -> 0.15750227 | M95: =Table15[[#This Row],[Proj_2020_Total]]/$J$96 -> 0.35000504 | N95: 17691.113 | O95: 14474.547 | P95: 32165.661 | Q95: =Table15[[#This Row],[Proj2021_Hommes22]]/$P$96 -> 0.19250277 | R95: =Table15[[#This Row],[Proj2021_Femmes32]]/$P$96 -> 0.15750227 | S95: =Table15[[#This Row],[Proj_2021_Total43]]/$P$96 -> 0.35000504 | T95: =Q95*$V$96 -> 18018.592 | U95: =R95*$V$96 -> 14742.485 | V95: =S95*$V$96 -> 32761.077 | W95: =T95/$V$96 -> 0.19250277 | X95: =U95/$V$96 -> 0.15750227 | Y95: =V95/$V$96 -> 0.35000504 | Z95: =W95*$AB$96 -> 18969.519 | AA95: =X95*$AB$96 -> 15520.516 | AB95: =Y95*$AB$96 -> 34490.035
J96: =J95+J94 -> 89313 | N96: =ProjPop20_21_22_23_admin1!I7 -> 91900.565 | P96: =P95+P94 -> 91900.565 | V96: 93601.729 | AB96: 98541.54

Sheet ProjPop21_22_23_admin2
H1: Population 2021 | K1: Population 2022 | N1: Population 2023
A2: admin2Pcode | B2: admin2Name_fr | C2: admin2RefName | D2: admin1Pcode | E2: admin1Name_fr | F2: Proj2016_Hommes | G2: Proj2016_Femmes | H2: Proj2021_Hommes22 | I2: Proj2021_Femmes32 | J2: Proj_2021_Total43 | K2: Proj2022_Hommes | L2: Proj2022_Femmes | M2: Proj_2022_Total | N2: Proj2022_Hommes | O2: Proj2022_Femmes | P2: Proj_2022_Total
A3: TD0101 | B3: Batha Ouest | C3: Batha Ouest | D3: TD01 | E3: Batha | F3: 125463 | G3: 128277 | H3: 154132.29 | I3: 145248.64 | J3: 287312.61 | K3: 144693.71 | L3: 147937.33 | M3: 292631.04 | N3: =ProjPop20_21_22_23admin2!AA2 -> 152329.89 | O3: =ProjPop20_21_22_23admin2!AB2 -> 155744.69 | P3: =ProjPop20_21_22_23admin2!AC2 -> 308074.57
A4: TD0102 | B4: Batha Est | C4: Batha Est | D4: TD01 | E4: Batha | F4: 107365 | G4: 124085 | H4: 131896.17 | I4: 140503.02 | J4: 262071.93 | K4: 123819.26 | L4: 143103.86 | M4: 266923.13 | N4: =ProjPop20_21_22_23admin2!AA3 -> 130353.8 | O4: =ProjPop20_21_22_23admin2!AB3 -> 150656.14 | P4: =ProjPop20_21_22_23admin2!AC3 -> 281009.94
A5: TD0103 | B5: Fitri | C5: Fitri | D5: TD01 | E5: Batha | F5: 69296 | G5: 72394 | H5: 85130.895 | I5: 81970.986 | J5: 160436.27 | K5: 79917.744 | L5: 83488.345 | M5: 163406.09 | N5: =ProjPop20_21_22_23admin2!AA4 -> 84135.385 | O5: =ProjPop20_21_22_23admin2!AB4 -> 87894.424 | P5: =ProjPop20_21_22_23admin2!AC4 -> 172029.81
A6: TD0201 | B6: Borkou | C6: Borkou | D6: TD02 | E6: Borkou | F6: 47162 | G6: 40583 | H6: 55800.116 | I6: 48016.973 | J6: 103817.09 | K6: 56833.027 | L6: 48905.811 | M6: 105738.84 | N6: =ProjPop20_21_22_23admin2!AA5 -> 59832.378 | O6: =ProjPop20_21_22_23admin2!AB5 -> 51486.804 | P6: =ProjPop20_21_22_23admin2!AC5 -> 111319.18
A7: TD0202 | B7: Borkou Yala | C7: Borkou Yala | D7: TD02 | E7: Borkou | F7: 16988 | G7: 15371 | H7: 20099.937 | I7: 18187.078 | J7: 38287.014 | K7: 20472.005 | L7: 18523.738 | M7: 38995.743 | N7: =ProjPop20_21_22_23admin2!AA6 -> 21552.411 | O7: =ProjPop20_21_22_23admin2!AB6 -> 19501.324 | P7: =ProjPop20_21_22_23admin2!AC6 -> 41053.734
A8: TD0301 | B8: Baguirmi | C8: Baguirmi | D8: TD03 | E8: Chari-Baguirmi | F8: 135091 | G8: 134062 | H8: 158244.56 | I8: 157038.6 | J8: 315283.16 | K8: 161173.81 | L8: 159945.53 | M8: 321119.34 | N8: =ProjPop20_21_22_23admin2!AA7 -> 169679.72 | O8: =ProjPop20_21_22_23admin2!AB7 -> 168386.62 | P8: =ProjPop20_21_22_23admin2!AC7 -> 338066.34
A9: TD0302 | B9: Chari | C9: Chari | D9: TD03 | E9: Chari-Baguirmi | F9: 115724 | G9: 119011 | H9: 135557.78 | I9: 139408.2 | J9: 274965.98 | K9: 138067.08 | L9: 141988.77 | M9: 280055.85 | N9: =ProjPop20_21_22_23admin2!AA8 -> 145353.54 | O9: =ProjPop20_21_22_23admin2!AB8 -> 149482.2 | P9: =ProjPop20_21_22_23admin2!AC8 -> 294835.74
A10: TD0303 | B10: Loug-Chari | C10: Loug-Chari | D10: TD03 | E10: Chari-Baguirmi | F10: 117519 | G10: 120935 | H10: 137661 | I10: 141661.64 | J10: 279322.65 | K10: 140209.23 | L10: 144283.93 | M10: 284493.17 | N10: =ProjPop20_21_22_23admin2!AA9 -> 147608.75 | O10: =ProjPop20_21_22_23admin2!AB9 -> 151898.49 | P10: =ProjPop20_21_22_23admin2!AC9 -> 299507.23
A11: TD0401 | B11: Guéra | C11: Guera | D11: TD04 | E11: Guera | F11: 108267 | G11: 113049 | H11: 102518.53 | I11: 107048.06 | J11: 209566.59 | K11: 104416.24 | L11: 109029.62 | M11: 213445.86 | N11: =ProjPop20_21_22_23admin2!AA10 -> 109926.78 | O11: =ProjPop20_21_22_23admin2!AB10 -> 114783.63 | P11: =ProjPop20_21_22_23admin2!AC10 -> 224710.41
A12: TD0402 | B12: Abtouyour | C12: Abtouyour | D12: TD04 | E12: Guera | F12: 104673 | G12: 110208 | H12: 99115.716 | I12: 104358.33 | J12: 203474.04 | K12: 100950.44 | L12: 106290.1 | M12: 207240.54 | N12: =ProjPop20_21_22_23admin2!AA11 -> 106278.08 | O12: =ProjPop20_21_22_23admin2!AB11 -> 111899.53 | P12: =ProjPop20_21_22_23admin2!AC11 -> 218177.61
A13: TD0403 | B13: Barh-Signaka | C13: Barh-Signaka | D13: TD04 | E13: Guera | F13: 65394 | G13: 67528 | H13: 61923.527 | I13: 63942.37 | J13: 125865.9 | K13: 63069.789 | L13: 65126.003 | M13: 128195.79 | N13: =ProjPop20_21_22_23admin2!AA12 -> 66398.283 | O13: =ProjPop20_21_22_23admin2!AB12 -> 68563.013 | P13: =ProjPop20_21_22_23admin2!AC12 -> 134961.3
A14: TD0404 | B14: Mangalmé | C14: Mangalme | D14: TD04 | E14: Guera | F14: 56874 | G14: 64928 | H14: 53855.359 | I14: 61481.069 | J14: 115336.43 | K14: 54852.271 | L14: 62619.141 | M14: 117471.41 | N14: =ProjPop20_21_22_23admin2!AA13 -> 57747.088 | O14: =ProjPop20_21_22_23admin2!AB13 -> 65923.852 | P14: =ProjPop20_21_22_23admin2!AC13 -> 123670.94
... A72: TD2303 | B72: Mourtcha | C72: Mourtcha | D72: TD23 | E72: Ennedi Ouest | F72: 15044 | G72: 12309 | H72: 17691.113 | I72: 14474.547 | J72: 32165.661 | K72: 18018.592 | L72: 14742.485 | M72: 32761.077 | N72: =ProjPop20_21_22_23admin2!AA71 -> 18969.519 | O72: =ProjPop20_21_22_23admin2!AB71 -> 15520.516 | P72: =ProjPop20_21_22_23admin2!AC71 -> 34490.035

Sheet ProjPop20_21_22_23_admin1
A1: admin1Pcode | B1: admin1Name_fr | C1: admin1RefName | D1: Proj2016 | E1: Proj2017 | F1: Proj2018 | G1: Proj2019 | H1: Proj2020 | I1: Proj 2021 | J1: Proj 2022 | K1: Proj 2023
A2: TD19 | B2: Barh-El-Gazel | C2: Barh-El-Gazel | D2: 330173 | E2: 337694 | F2: 349221 | G2: 361143 | H2: 373443 | I2: 384262.34 | J2: 722960.25 | K2: 412030.14 | L2: Barh El Gazal
A3: TD01 | B3: Batha | C3: Batha | D3: 626881 | E3: 626592 | F3: 646664 | G3: 667646 | H3: 689835 | I3: 709820.81 | J3: 144734.58 | K3: 761114.32 | L3: Batha
A4: TD02 | B4: Borkou | C4: Borkou | D4: 120104 | E4: 125005 | F4: 129275 | G4: 133644 | H4: 138103 | I4: 142104.1 | J4: 885668.36 | K4: 152372.92 | L4: Borkou
A5: TD03 | B5: Chari-Baguirmi | C5: Chari-Baguirmi | D5: 742342 | E5: 762056 | F5: 788626 | G5: 816270 | H5: 845088 | I5: 869571.78 | J5: 666353.6 | K5: 932409.31 | L5: Chari Baguirmi
A6: TD20 | B6: Ennedi Est | C6: Ennedi Est | D6: 137709 | E6: 143078 | F6: 147956 | G6: 152922 | H6: 158099 | I6: 162679.42 | J6: 861705.4 | K6: 174435.06 | L6: Ennedi Est
A7: TD23 | B7: Ennedi Ouest | C7: Ennedi Ouest | D7: 77795 | E7: 80828 | F7: 83584 | G7: 86388 | H7: 89313 | I7: 91900.565 | J7: 522194.38 | K7: 98541.54 | L7: Ennedi Ouest
A8: TD04 | B8: Guéra | C8: Guera | D8: 690921 | E8: 600448 | F8: 610900 | G8: 622190 | H8: 635822 | I8: 654242.96 | J8: 669329.97 | K8: 701520.26 | L8: Guéra
A9: TD05 | B9: Hadjer-Lamis | C9: Hadjer-Lamis | D9: 727497 | E9: 742989 | F9: 768212 | G9: 794345 | H9: 822223 | I9: 846044.34 | J9: 1082123.7 | K9: 907181.72 | L9: Hadjer Lamis
A10: TD06 | B10: Kanem | C10: Kanem | D10: 427864 | E10: 448332 | F10: 464480 | G10: 481131 | H10: 498268 | I10: 512703.76 | J10: 1216910.5 | K10: 549753.07 | L10: Kanem
A11: TD07 | B11: Lac | C11: Lac | D11: 556720 | E11: 575876 | F11: 596068 | G11: 616984 | H11: 638662 | I11: 657165.24 | J11: 972880.32 | K11: 704653.71 | L11: Lac
A12: TD08 | B12: Logone Occidental | C12: Logone Occidental | D12: 884310 | E12: 927752 | F12: 961503 | G12: 996384 | H12: 1032542 | I12: 1062456.7 | J12: 1201741.5 | K12: 1139232.6 | L12: Logone Occidental
A13: TD09 | B13: Logone Oriental | C13: Logone Oriental | D13: 1000192 | E13: 1045090 | F13: 1082404 | G13: 1121022 | H13: 1161153 | I13: 1194793.8 | J13: 885983.81 | K13: 1281132.7 | L13: Logone Oriental
A14: TD10 | B14: Mandoul | C14: Mandoul | D14: 806050 | E14: 838080 | F14: 867102 | G14: 897129 | H14: 928304 | I14: 955198.71 | J14: 919928.11 | K14: 1024223.9 | L14: Mandoul
A15: TD11 | B15: Mayo-Kebbi Est | C15: Mayo-Kebbi Est | D15: 994344 | E15: 1030686 | F15: 1067875 | G15: 1106515 | H15: 1146679 | I15: 1179900.4 | J15: 1120274.8 | K15: 1265163.1 | L15: Mayo Kebbi Est | N15: 2020 | O15: Structure 2020 | P15: Pop 2021 | Q15: Pop 2022 | R15: Struct 2022 | S15: Pop 2023
A16: TD12 | B16: Mayo-Kebbi Ouest | C16: Mayo-Kebbi Ouest | D16: 724432 | E16: 757831 | F16: 785944 | G16: 815107 | H16: 845389 | I16: 869881.5 | J16: 472137.84 | K16: 932741.41 | L16: Mayo Kebbi Ouest | M16: Ennedi Est | N16: 158099 | O16: =N16/$N$18 -> 0.63901104 | P16: =O16*$P$19 -> 162679.42 | Q16: 165690.77 | R16: =Q16/$Q$18 -> 0.63901104 | S16: =R16*$S$19 -> 174435.06
A17: TD13 | B17: Moyen-Chari | C17: Moyen-Chari | D17: 754641 | E17: 789918 | F17: 818259 | G17: 847520 | H17: 877778 | I17: 903208.87 | J17: 1044039.8 | K17: 968477.11 | L17: Moyen Chari | M17: Ennedi Ouest | N17: 89313 | O17: =N17/$N$18 -> 0.36098896 | P17: =O17*$P$19 -> 91900.565 | Q17: 93601.729 | R17: =Q17/$Q$18 -> 0.36098896 | S17: =R17*$S$19 -> 98541.54
A18: TD18 | B18: N'Djamena | C18: NDjamena | D18: 1221036 | E18: 1390309 | F18: 1454671 | G18: 1521882 | H18: 1592258 | I18: 1638388.7 | J18: 790981.93 | K18: 1756782.9 | L18: N’Djaména | N18: =SUM(N16:N17) -> 247412 | P18: =SUM(P16:P17) -> 254579.99 | Q18: =SUM(Q16:Q17) -> 259292.5
A19: TD14 | B19: Ouaddaï | C19: Ouaddai | D19: 925533 | E19: 963234 | F19: 997257 | G19: 1032467 | H19: 1068945 | I19: 1099914.3 | J19: 1668716.8 | K19: 1179397 | L19: Ouaddaï | P19: 254579.99 | S19: 272976.6
A20: TD15 | B20: Salamat | C20: Salamat | D20: 387969 | E20: 405292 | F20: 419846 | G20: 434903 | H20: 450505 | I20: 463556.97 | J20: 391375.39 | K20: 497054.81 | L20: Salamat
A21: TD21 | B21: Sila | C21: Sila | D21: 497261 | E21: 509070 | F21: 526290 | G21: 544183 | H21: 563716 | I21: 580047.91 | J21: 165690.77 | K21: 621963.69 | L21: Sila
A22: TD16 | B22: Tandjilé | C22: Tandjile | D22: 849481 | E22: 893837 | F22: 926792 | G22: 960885 | H22: 996203 | I22: 1025064.9 | J22: 93601.729 | K22: 1099138.7 | L22: Tandjilé
A23: TD22 | B23: Tibesti | C23: Tibesti | D23: 32704 | E23: 34131 | F23: 35326 | G23: 36545 | H23: 37784 | I23: 38878.673 | J23: 590785.13 | K23: 41688.148 | L23: Tibesti
A24: TD17 | B24: Wadi Fira | C24: Wadi Fira | D24: 652451 | E24: 678089 | F24: 702676 | G24: 728223 | H24: 754740 | I24: 776606.23 | J24: 39598.353 | K24: 832725.83 | L24: Wadi Fira
A25: TD | D25: 14168410 | E25: 14706217 | F25: 15230931 | G25: 15775428 | H25: 16344852 | I25: =SUM(I2:I24) -> 16818393 | J25: =SUM(J2:J24) -> 17129717
I27: 16818393

Sheet ProjPop2020_admin1_GroupesAge
E1: G R O U P E S D ' A G E S
A2: admin1Pcode | B2: admin1Name_fr | C2: admin1RefName | D2: Sexe | E2: 0-4 | F2: 5-9 | G2: 10-14 | H2: 15-19 | I2: 20-24 | J2: 25-29 | K2: 30-34 | L2: 35-39 | M2: 40-44 | N2: 45-49 | O2: 50-54 | P2: 55-59 | Q2: 60-64 | R2: 65-69 | S2: 70-74 | T2: 75-79 | U2: 80+ | V2: Total | W2: 0-42 | X2: 5-93 | Y2: 10-14 4 | Z2: 15-19 5 | AA2: 20-24 6 | AB2: 25-29 7 | AC2: 30-34 8 | AD2: 35-39 9 | AE2: 40-44 10 | AF2: 45-49 11 | AG2: 50-54 12 | AH2: 55-59 13 | AI2: 60-64 14 | AJ2: 65-69 15 | AK2: 70-74 16 | AL2: 75-79 17 | AM2: 80+ 18 | AN2: Total19
A3: TD01 | B3: Batha | C3: Batha | D3: Femmes | E3: 62595 | F3: 51417 | G3: 59533 | H3: 44850 | I3: 27264 | J3: 20064 | K3: 18803 | L3: 16410 | M3: 13177 | N3: 10619 | O3: 8148 | P3: 6116 | Q3: 4238 | R3: 2989 | S3: 2234 | T3: 1487 | U3: 1516 | V3: =SUM(E3:U3) -> 351460
A4: TD01 | B4: Batha | C4: Batha | D4: Hommes | E4: 65394 | F4: 53631 | G4: 60960 | H4: 45487 | I4: 26913 | J4: 17988 | K4: 11992 | L4: 9300 | M4: 9782 | N4: 9151 | O4: 7758 | P4: 6300 | Q4: 4492 | R4: 3301 | S4: 2562 | T4: 1715 | U4: 1652 | V4: =SUM(E4:U4) -> 338378
A5: TD01 | B5: Batha | C5: Batha | D5: Total | E5: 127989 | F5: 105049 | G5: 120493 | H5: 90336 | I5: 54176 | J5: 38052 | K5: 30795 | L5: 25710 | M5: 22959 | N5: 19770 | O5: 15906 | P5: 12416 | Q5: 8730 | R5: 6290 | S5: 4795 | T5: 3202 | U5: 3167 | V5: =SUM(E5:U5) -> 689835
A6: TD02 | B6: Borkou | C6: Borkou | D6: Femmes | E6: 13121 | F6: 11116 | G6: 6700 | H6: 6454 | I6: 5599 | J6: 4623 | K6: 3980 | L6: 3396 | M6: 2888 | N6: 2404 | O6: 1886 | P6: 1409 | Q6: 907 | R6: 585 | S6: 392 | T6: 236 | U6: 174 | V6: =SUM(E6:U6) -> 65870
A7: TD02 | B7: Borkou | C7: Borkou | D7: Hommes | E7: 13708 | F7: 11594 | G7: 8218 | H7: 7901 | I7: 6601 | J7: 5235 | K7: 4105 | L7: 3268 | M7: 2443 | N7: 2024 | O7: 2052 | P7: 1777 | Q7: 1215 | R7: 847 | S7: 613 | T7: 377 | U7: 256 | V7: =SUM(E7:U7) -> 72234
A8: TD02 | B8: Borkou | C8: Borkou | D8: Total | E8: 26829 | F8: 22710 | G8: 14918 | H8: 14355 | I8: 12200 | J8: 9858 | K8: 8085 | L8: 6663 | M8: 5331 | N8: 4427 | O8: 3938 | P8: 3185 | Q8: 2122 | R8: 1432 | S8: 1005 | T8: 613 | U8: 430 | V8: =SUM(E8:U8) -> 138101
A9: TD03 | B9: Chari-Baguirmi | C9: Chari-Baguirmi | D9: Femmes | E9: 81345 | F9: 66054 | G9: 56716 | H9: 50458 | I9: 36301 | J9: 27528 | K9: 24480 | L9: 20673 | M9: 16077 | N9: 12693 | O9: 9723 | P9: 7301 | Q9: 5195 | R9: 3646 | S9: 2516 | T9: 1569 | U9: 1384 | V9: =SUM(E9:U9) -> 423659
A10: TD03 | B10: Chari-Baguirmi | C10: Chari-Baguirmi | D10: Hommes | E10: 84983 | F10: 68898 | G10: 57799 | H10: 51109 | I10: 35812 | J10: 25488 | K10: 18746 | L10: 14939 | M10: 13611 | N10: 12038 | O10: 10279 | P10: 8497 | Q10: 6600 | R10: 4976 | S10: 3479 | T10: 2195 | U10: 1981 | V10: =SUM(E10:U10) -> 421430
A11: TD03 | B11: Chari-Baguirmi | C11: Chari-Baguirmi | D11: Total | E11: 166328 | F11: 134952 | G11: 114515 | H11: 101566 | I11: 72113 | J11: 53017 | K11: 43226 | L11: 35612 | M11: 29688 | N11: 24731 | O11: 20002 | P11: 15798 | Q11: 11795 | R11: 8622 | S11: 5995 | T11: 3764 | U11: 3365 | V11: =SUM(E11:U11) -> 845089
A12: TD04 | B12: Guéra | C12: Guera | D12: Femmes | E12: 38027 | F12: 32578 | G12: 124851 | H12: 47343 | I12: 13305 | J12: 13812 | K12: 11580 | L12: 9877 | M12: 8403 | N12: 6991 | O12: 5486 | P12: 4098 | Q12: 2640 | R12: 1701 | S12: 1138 | T12: 686 | U12: 1812 | V12: =SUM(E12:U12) -> 324328
A13: TD04 | B13: Guéra | C13: Guera | D13: Hommes | E13: 39728 | F13: 33981 | G13: 114145 | H13: 45421 | I13: 14390 | J13: 13796 | K13: 10571 | L13: 8414 | M13: 6292 | N13: 5210 | O13: 5284 | P13: 4574 | Q13: 3127 | R13: 2181 | S13: 1580 | T13: 972 | U13: 1827 | V13: =SUM(E13:U13) -> 311493
A14: TD04 | B14: Guéra | C14: Guera | D14: Total | E14: 77755 | F14: 66559 | G14: 238996 | H14: 92764 | I14: 27695 | J14: 27609 | K14: 22151 | L14: 18291 | M14: 14694 | N14: 12200 | O14: 10771 | P14: 8673 | Q14: 5767 | R14: 3882 | S14: 2718 | T14: 1658 | U14: 3639 | V14: =SUM(E14:U14) -> 635822
... A30: TD10 | B30: Mandoul | C30: Mandoul | D30: Femmes | E30: 87831 | F30: 73581 | G30: 63019 | H30: 55465 | I30: 37409 | J30: 27649 | K30: 27218 | L30: 24223 | M30: 19365 | N30: 15510 | O30: 11632 | P30: 8642 | Q30: 6258 | R30: 4401 | S30: 2975 | T30: 1787 | U30: 1270 | V30: =SUM(E30:U30) -> 468235
A31: TD10 | B31: Mandoul | C31: Mandoul | D31: Hommes | E31: 91759 | F31: 76 750 | G31: 64061 | H31: 57058 | I31: 40761 | J31: 29316 | K31: 21640 | L31: 17079 | M31: 15164 | N31: 12968 | O31: 10462 | P31: 8168 | Q31: 5904 | R31: 4087 | S31: 2434 | T31: 1356 | U31: 1105 | V31: =SUM(E31:U31) -> 383322
A32: TD10 | B32: Mandoul | C32: Mandoul | D32: Total | E32: 179589 | F32: 150331 | G32: 127080 | H32: 112523 | I32: 78169 | J32: 56966 | K32: 48858 | L32: 41302 | M32: 34529 | N32: 28479 | O32: 22093 | P32: 16810 | Q32: 12162 | R32: 8488 | S32: 5409 | T32: 3143 | U32: 2375 | V32: =SUM(E32:U32) -> 928306
A33: TD11 | B33: Mayo-Kebbi Est | C33: Mayo-Kebbi Est | D33: Femmes | E33: 113082 | F33: 91270 | G33: 73403 | H33: 66940 | I33: 51196 | J33: 39743 | K33: 33532 | L33: 27680 | M33: 21651 | N33: 17360 | O33: 13794 | P33: 10861 | Q33: 8502 | R33: 6378 | S33: 4487 | T33: 2819 | U33: 2242 | V33: =SUM(E33:U33) -> 584940
A34: TD11 | B34: Mayo-Kebbi Est | C34: Mayo-Kebbi Est | D34: Hommes | E34: 118139 | F34: 95200 | G34: 73672 | H34: 66353 | I34: 50232 | J34: 37297 | K34: 26730 | L34: 20339 | M34: 16822 | N34: 14020 | O34: 11708 | P34: 9531 | Q34: 7363 | R34: 5541 | S34: 3802 | T34: 2461 | U34: 2529 | V34: =SUM(E34:U34) -> 561739
A35: TD11 | B35: Mayo-Kebbi Est | C35: Mayo-Kebbi Est | D35: Total | E35: 231222 | F35: 186470 | G35: 147075 | H35: 133293 | I35: 101428 | J35: 77040 | K35: 60262 | L35: 48019 | M35: 38472 | N35: 31380 | O35: 25502 | P35: 20392 | Q35: 15864 | R35: 11918 | S35: 8289 | T35: 5281 | U35: 4772 | V35: =SUM(E35:U35) -> 1146679
A36: TD12 | B36: Mayo-Kebbi Ouest | C36: Mayo-Kebbi Ouest | D36: Femmes | E36: 84203 | F36: 67833 | G36: 55242 | H36: 49151 | I36: 37641 | J36: 29655 | K36: 25715 | L36: 21135 | M36: 15319 | N36: 11614 | O36: 9106 | P36: 6962 | Q36: 5048 | R36: 3620 | S36: 2556 | T36: 1637 | U36: 1497 | V36: =SUM(E36:U36) -> 427934
A37: TD12 | B37: Mayo-Kebbi Ouest | C37: Mayo-Kebbi Ouest | D37: Hommes | E37: 87969 | F37: 70755 | G37: 54988 | H37: 48347 | I37: 37704 | J37: 28953 | K37: 21036 | L37: 15970 | M37: 12567 | N37: 10150 | O37: 8529 | P37: 6833 | Q37: 4971 | R37: 3544 | S37: 2285 | T37: 1408 | U37: 1445 | V37: =SUM(E37:U37) -> 417454
A38: TD12 | B38: Mayo-Kebbi Ouest | C38: Mayo-Kebbi Ouest | D38: Total | E38: 172172 | F38: 138588 | G38: 110230 | H38: 97498 | I38: 75345 | J38: 58609 | K38: 46751 | L38: 37105 | M38: 27886 | N38: 21764 | O38: 17635 | P38: 13795 | Q38: 10019 | R38: 7164 | S38: 4841 | T38: 3045 | U38: 2943 | V38: =SUM(E38:U38) -> 845390
A39: TD13 | B39: Moyen-Chari | C39: Moyen-Chari | D39: Femmes | E39: 85236 | F39: 70391 | G39: 55759 | H39: 49183 | I39: 37093 | J39: 29175 | K39: 26022 | L39: 22096 | M39: 17484 | N39: 13831 | O39: 10246 | P39: 7497 | Q39: 5266 | R39: 3635 | S39: 2474 | T39: 1506 | U39: 1162 | V39: =SUM(E39:U39) -> 438056
A40: TD13 | B40: Moyen-Chari | C40: Moyen-Chari | D40: Hommes | E40: 89048 | F40: 73423 | G40: 57172 | H40: 50599 | I40: 38339 | J40: 29070 | K40: 22116 | L40: 17615 | M40: 14723 | N40: 12440 | O40: 10821 | P40: 8757 | Q40: 6192 | R40: 4246 | S40: 2583 | T40: 1447 | U40: 1131 | V40: =SUM(E40:U40) -> 439722
A41: TD13 | B41: Moyen-Chari | C41: Moyen-Chari | D41: Total | E41: 174285 | F41: 143813 | G41: 112931 | H41: 99782 | I41: 75432 | J41: 58245 | K41: 48138 | L41: 39711 | M41: 32207 | N41: 26271 | O41: 21067 | P41: 16254 | Q41: 11458 | R41: 7881 | S41: 5057 | T41: 2952 | U41: 2293 | V41: =SUM(E41:U41) -> 877777
A42: TD14 | B42: Ouaddaï | C42: Ouaddai | D42: Femmes | E42: 104055 | F42: 86783 | G42: 68080 | H42: 62018 | I42: 44788 | J42: 34033 | K42: 31932 | L42: 27888 | M42: 22542 | N42: 18037 | O42: 13307 | P42: 9644 | Q42: 6350 | R42: 4375 | S42: 3479 | T42: 2389 | U42: 2368 | V42: =SUM(E42:U42) -> 542068
A43: TD14 | B43: Ouaddaï | C43: Ouaddai | D43: Hommes | E43: 108708 | F43: 90521 | G43: 69501 | H43: 63537 | I43: 45913 | J43: 32448 | K43: 22527 | L43: 17521 | M43: 16888 | N43: 15234 | O43: 13107 | P43: 10536 | Q43: 7043 | R43: 4910 | S43: 3730 | T43: 2456 | U43: 2294 | V43: =SUM(E43:U43) -> 526874
... A71: TD20 | B71: Ennedi Est | C71: Ennedi Est | D71: Total | E71: 30620.131 | F71: 25674.186 | G71: 16080.713 | H71: 16133.751 | I71: 15317.095 | J71: 12888.214 | K71: 9782.62 | L71: 7599.7583 | M71: 5703.1736 | N71: 4590.6553 | O71: 4283.93 | P71: 3517.7558 | Q71: 2262.7381 | R71: 1490.8128 | S71: 1066.5094 | T71: 651.79126 | U71: 435.16652 | V71: =SUM(E71:U71) -> 158099
A72: TD | D72: Total | V72: =SUM(V5,V8,V11,V14,V17,V20,V23,V26,V29,V32,V35,V38,V41,V44,V47,V50,V53,V56,V59,V62,V65,V68,V71) -> 16344855

Sheet Admin1_Ndjam
A2: 2020
A3: admin1Pcode | B3: admin1Name_fr | C3: admin1RefName | D3: Sexe | E3: 0-4 | F3: 5-9 | G3: 10-14 | H3: 15-19 | I3: 20-24 | J3: 25-29 | K3: 30-34 | L3: 35-39 | M3: 40-44 | N3: 45-49 | O3: 50-54 | P3: 55-59 | Q3: 60-64 | R3: 65-69 | S3: 70-74 | T3: 75-79 | U3: 80+ | V3: Total
A4: TD18 | B4: N'Djamena | C4: NDjamena | D4: Femmes | E4: 153729 | F4: 126040 | G4: 103810 | H4: 92370 | I4: 67726 | J4: 52119 | K4: 46733 | L4: 39673 | M4: 30956 | N4: 24467 | O4: 18634 | P4: 13968 | Q4: 9997 | R4: 7070 | S4: 4975 | T4: 3126 | U4: 2608 | V4: =SUM(E4:U4) -> 798001
A5: TD18 | B5: N'Djamena | C5: NDjamena | D5: Hommes | E5: 165724 | F5: 123724 | G5: 108419 | H5: 96249 | I5: 70947 | J5: 52133 | K5: 37800 | L5: 29382 | M5: 25518 | N5: 21804 | O5: 18225 | P5: 14651 | Q5: 10832 | R5: 7802 | S5: 5129 | T5: 3113 | U5: 2805 | V5: =SUM(E5:U5) -> 794257
A6: TD18 | B6: N'Djamena | C6: NDjamena | D6: Total | E6: 316915 | F6: 259623 | G6: 210596 | H6: 187170 | I6: 137602 | J6: 103485 | K6: 84050 | L6: 68706 | M6: 56143 | N6: 45972 | O6: 36594 | P6: 28398 | Q6: 20662 | R6: 14751 | S6: 10028 | T6: 6194 | U6: 5370 | V6: =SUM(E6:U6) -> 1592259
A8: Structure 2020
A9: admin1Pcode | B9: admin1Name_fr | C9: admin1RefName | D9: Sexe | E9: 0-4 | F9: 5-9 | G9: 10-14 | H9: 15-19 | I9: 20-24 | J9: 25-29 | K9: 30-34 | L9: 35-39 | M9: 40-44 | N9: 45-49 | O9: 50-54 | P9: 55-59 | Q9: 60-64 | R9: 65-69 | S9: 70-74 | T9: 75-79 | U9: 80+ | V9: Total
A10: TD18 | B10: N'Djamena | C10: NDjamena | D10: Femmes | E10: =E4/$V$6 -> 0.096547735 | F10: =F4/$V$6 -> 0.079157976 | G10: =G4/$V$6 -> 0.06519668 | H10: =H4/$V$6 -> 0.058011919 | I10: =I4/$V$6 -> 0.042534537 | J10: =J4/$V$6 -> 0.03273274 | K10: =K4/$V$6 -> 0.029350125 | L10: =L4/$V$6 -> 0.024916173 | ... V10: =V4/$V$6 -> 0.50117537
A11: TD18 | B11: N'Djamena | C11: NDjamena | D11: Hommes | E11: =E5/$V$6 -> 0.10408106 | F11: =F5/$V$6 -> 0.077703439 | G11: =G5/$V$6 -> 0.068091309 | H11: =H5/$V$6 -> 0.06044808 | I11: =I5/$V$6 -> 0.04455745 | J11: =J5/$V$6 -> 0.032741533 | K11: =K5/$V$6 -> 0.023739856 | L11: =L5/$V$6 -> 0.018453028 | ... V11: =V5/$V$6 -> 0.498824
A12: TD18 | B12: N'Djamena | C12: NDjamena | D12: Total | E12: =E6/$V$6 -> 0.19903483 | F12: =F6/$V$6 -> 0.16305325 | G12: =G6/$V$6 -> 0.1322624 | H12: =H6/$V$6 -> 0.11754997 | I12: =I6/$V$6 -> 0.086419358 | J12: =J6/$V$6 -> 0.064992567 | K12: =K6/$V$6 -> 0.052786638 | L12: =L6/$V$6 -> 0.043150015 | ... V12: =V6/$V$6 -> 1
A14: Pop 2021
A15: admin1Pcode | B15: admin1Name_fr | C15: admin1RefName | D15: Sexe | E15: 0-4 | F15: 5-9 | G15: 10-14 | H15: 15-19 | I15: 20-24 | J15: 25-29 | K15: 30-34 | L15: 35-39 | M15: 40-44 | N15: 45-49 | O15: 50-54 | P15: 55-59 | Q15: 60-64 | R15: 65-69 | S15: 70-74 | T15: 75-79 | U15: 80+ | V15: Total
A16: TD18 | B16: N'Djamena | C16: NDjamena | D16: Femmes | E16: =E10*$V$20 -> 158182.72 | F16: =F10*$V$20 -> 129691.53 | G16: =G10*$V$20 -> 106817.5 | H16: =H10*$V$20 -> 95046.072 | I16: =I10*$V$20 -> 69688.105 | J16: =J10*$V$20 -> 53628.951 | K16: =K10*$V$20 -> 48086.912 | L16: =L10*$V$20 -> 40822.376 | ... V16: =V10*$V$20 -> 821120.07
A17: TD18 | B17: N'Djamena | C17: NDjamena | D17: Hommes | E17: =E11*$V$20 -> 170525.23 | F17: =F11*$V$20 -> 127308.44 | G17: =G11*$V$20 -> 111560.03 | H17: =H11*$V$20 -> 99037.452 | I17: =I11*$V$20 -> 73002.422 | J17: =J11*$V$20 -> 53643.357 | K17: =K11*$V$20 -> 38895.112 | L17: =L11*$V$20 -> 30233.233 | ... V17: =V11*$V$20 -> 817267.6
A18: TD18 | B18: N'Djamena | C18: NDjamena | D18: Total | E18: =E12*$V$20 -> 326096.42 | F18: =F12*$V$20 -> 267144.6 | G18: =G12*$V$20 -> 216697.22 | H18: =H12*$V$20 -> 192592.54 | I18: =I12*$V$20 -> 141588.5 | J18: =J12*$V$20 -> 106483.09 | K18: =K12*$V$20 -> 86485.032 | L18: =L12*$V$20 -> 70696.497 | ... V18: =V12*$V$20 -> 1638388.7
A20: Structure 2021 | V20: 1638388.7
A21: admin1Pcode | B21: admin1Name_fr | C21: admin1RefName | D21: Sexe | E21: 0-4 | F21: 5-9 | G21: 10-14 | H21: 15-19 | I21: 20-24 | J21: 25-29 | K21: 30-34 | L21: 35-39 | M21: 40-44 | N21: 45-49 | O21: 50-54 | P21: 55-59 | Q21: 60-64 | R21: 65-69 | S21: 70-74 | T21: 75-79 | U21: 80+ | V21: Total
A22: TD18 | B22: N'Djamena | C22: NDjamena | D22: Femmes | E22: =E16/$V$18 -> 0.096547735 | F22: =F16/$V$18 -> 0.079157976 | G22: =G16/$V$18 -> 0.06519668 | H22: =H16/$V$18 -> 0.058011919 | I22: =I16/$V$18 -> 0.042534537 | J22: =J16/$V$18 -> 0.03273274 | K22: =K16/$V$18 -> 0.029350125 | L22: =L16/$V$18 -> 0.024916173 | ... V22: =V16/$V$18 -> 0.50117537
A23: TD18 | B23: N'Djamena | C23: NDjamena | D23: Hommes | E23: =E17/$V$18 -> 0.10408106 | F23: =F17/$V$18 -> 0.077703439 | G23: =G17/$V$18 -> 0.068091309 | H23: =H17/$V$18 -> 0.06044808 | I23: =I17/$V$18 -> 0.04455745 | J23: =J17/$V$18 -> 0.032741533 | K23: =K17/$V$18 -> 0.023739856 | L23: =L17/$V$18 -> 0.018453028 | ... V23: =V17/$V$18 -> 0.498824
A24: TD18 | B24: N'Djamena | C24: NDjamena | D24: Total | E24: =E18/$V$18 -> 0.19903483 | F24: =F18/$V$18 -> 0.16305325 | G24: =G18/$V$18 -> 0.1322624 | H24: =H18/$V$18 -> 0.11754997 | I24: =I18/$V$18 -> 0.086419358 | J24: =J18/$V$18 -> 0.064992567 | K24: =K18/$V$18 -> 0.052786638 | L24: =L18/$V$18 -> 0.043150015 | ... V24: =V18/$V$18 -> 1
A26: Pop 2022
A27: admin1Pcode | B27: admin1Name_fr | C27: admin1RefName | D27: Sexe | E27: 0-4 | F27: 5-9 | G27: 10-14 | H27: 15-19 | I27: 20-24 | J27: 25-29 | K27: 30-34 | L27: 35-39 | M27: 40-44 | N27: 45-49 | O27: 50-54 | P27: 55-59 | Q27: 60-64 | R27: 65-69 | S27: 70-74 | T27: 75-79 | U27: 80+ | V27: Total
A28: TD18 | B28: N'Djamena | C28: NDjamena | D28: Femmes | E28: =E22*$V$31 -> 161110.83 | F28: =F22*$V$31 -> 132092.24 | G28: =G22*$V$31 -> 108794.79 | H28: =H22*$V$31 -> 96805.463 | I28: =I22*$V$31 -> 70978.097 | J28: =J22*$V$31 -> 54621.673 | K28: =K22*$V$31 -> 48977.046 | L28: =L22*$V$31 -> 41578.035 | ... V28: =V22*$V$31 -> 836319.76
A29: TD18 | B29: N'Djamena | C29: NDjamena | D29: Hommes | E29: =E23*$V$31 -> 173681.81 | F29: =F23*$V$31 -> 129665.03 | G29: =G23*$V$31 -> 113625.11 | H29: =H23*$V$31 -> 100870.73 | I29: =I23*$V$31 -> 74353.764 | J29: =J23*$V$31 -> 54636.345 | K29: =K23*$V$31 -> 39615.097 | L29: =L23*$V$31 -> 30792.878 | ... V29: =V23*$V$31 -> 832395.98
A30: TD18 | B30: N'Djamena | C30: NDjamena | D30: Total | E30: =E24*$V$31 -> 332132.76 | F30: =F24*$V$31 -> 272089.69 | G30: =G24*$V$31 -> 220708.49 | H30: =H24*$V$31 -> 196157.61 | I30: =I24*$V$31 -> 144209.43 | J30: =J24*$V$31 -> 108454.19 | K30: =K24*$V$31 -> 88085.95 | L30: =L24*$V$31 -> 72005.155 | ... V30: =V24*$V$31 -> 1668716.8
V31: 1668716.8
A32: Structure Pop 22
A33: admin1Pcode | B33: admin1Name_fr | C33: admin1RefName | D33: Sexe | E33: 0-4 | F33: 5-9 | G33: 10-14 | H33: 15-19 | I33: 20-24 | J33: 25-29 | K33: 30-34 | L33: 35-39 | M33: 40-44 | N33: 45-49 | O33: 50-54 | P33: 55-59 | Q33: 60-64 | R33: 65-69 | S33: 70-74 | T33: 75-79 | U33: 80+ | V33: Total
A34: TD18 | B34: N'Djamena | C34: NDjamena | D34: Femmes | E34: =E28/$V$30 -> 0.096547735 | F34: =F28/$V$30 -> 0.079157976 | G34: =G28/$V$30 -> 0.06519668 | H34: =H28/$V$30 -> 0.058011919 | I34: =I28/$V$30 -> 0.042534537 | J34: =J28/$V$30 -> 0.03273274 | K34: =K28/$V$30 -> 0.029350125 | L34: =L28/$V$30 -> 0.024916173 | ... V34: =V28/$V$30 -> 0.50117537
A35: TD18 | B35: N'Djamena | C35: NDjamena | D35: Hommes | E35: =E29/$V$30 -> 0.10408106 | F35: =F29/$V$30 -> 0.077703439 | G35: =G29/$V$30 -> 0.068091309 | H35: =H29/$V$30 -> 0.06044808 | I35: =I29/$V$30 -> 0.04455745 | J35: =J29/$V$30 -> 0.032741533 | K35: =K29/$V$30 -> 0.023739856 | L35: =L29/$V$30 -> 0.018453028 | ... V35: =V29/$V$30 -> 0.498824
A36: TD18 | B36: N'Djamena | C36: NDjamena | D36: Total | E36: =E30/$V$30 -> 0.19903483 | F36: =F30/$V$30 -> 0.16305325 | G36: =G30/$V$30 -> 0.1322624 | H36: =H30/$V$30 -> 0.11754997 | I36: =I30/$V$30 -> 0.086419358 | J36: =J30/$V$30 -> 0.064992567 | K36: =K30/$V$30 -> 0.052786638 | L36: =L30/$V$30 -> 0.043150015 | ... V36: =V30/$V$30 -> 1
A38: Pop 2023
A39: admin1Pcode | B39: admin1Name_fr | C39: admin1RefName | D39: Sexe | E39: 0-4 | F39: 5-9 | G39: 10-14 | H39: 15-19 | I39: 20-24 | J39: 25-29 | K39: 30-34 | L39: 35-39 | M39: 40-44 | N39: 45-49 | O39: 50-54 | P39: 55-59 | Q39: 60-64 | R39: 65-69 | S39: 70-74 | T39: 75-79 | U39: 80+ | V39: Total
A40: TD18 | B40: N'Djamena | C40: NDjamena | D40: Femmes | E40: =E34*$V$43 -> 169613.41 | F40: =F34*$V$43 -> 139063.38 | G40: =G34*$V$43 -> 114536.41 | H40: =H34*$V$43 -> 101914.35 | I40: =I34*$V$43 -> 74723.95 | J40: =J34*$V$43 -> 57504.32 | K40: =K34*$V$43 -> 51561.798 | L40: =L34*$V$43 -> 43772.307 | ... V40: =V34*$V$43 -> 880456.35
A41: TD18 | B41: N'Djamena | C41: NDjamena | D41: Hommes | E41: =E35*$V$43 -> 182847.83 | F41: =F35*$V$43 -> 136508.08 | G41: =G35*$V$43 -> 119621.65 | H41: =H35*$V$43 -> 106194.16 | I41: =I35*$V$43 -> 78277.767 | J41: =J35*$V$43 -> 57519.766 | K41: =K35*$V$43 -> 41705.775 | L41: =L35*$V$43 -> 32417.965 | ... V41: =V35*$V$43 -> 876325.49
A42: TD18 | B42: N'Djamena | C42: NDjamena | D42: Total | E42: =E36*$V$43 -> 349661 | F42: =F36*$V$43 -> 286449.16 | G42: =G36*$V$43 -> 232356.33 | H42: =H36*$V$43 -> 206509.79 | I42: =I36*$V$43 -> 151820.05 | J42: =J36*$V$43 -> 114177.83 | K42: =K36*$V$43 -> 92734.666 | L42: =L36*$V$43 -> 75805.211 | ... V42: =V36*$V$43 -> 1756782.9
V43: 1756782.9

Sheet ProjPop2021_admin1_GroupesAge
A3: Groupe d'âges | C3: 0-4 | D3: 5-9 | E3: 10-14 | F3: 15-19 | G3: 20-24 | H3: 25-29 | I3: 30-34 | J3: 35-39 | K3: 40-44 | L3: 45-49 | M3: 50-54 | N3: 55-59 | O3: 60-64 | P3: 65-69 | Q3: 70-74 | R3: 75-79 | S3: 80+ | T3: Total
A4: Pop 2021 Batha | B4: Total | C4: 131697.08 | D4: 108092.47 | E4: 123983.91 | F4: 92953.203 | G4: 55745.58 | H4: 39154.438 | I4: 31687.189 | J4: 26454.867 | K4: 23624.165 | L4: 20342.774 | M4: 16366.827 | N4: 12775.715 | O4: 8982.9245 | P4: 6472.2331 | Q4: 4933.9201 | R4: 3294.7679 | S4: 3258.7587 | T4: 709820.82
B5: Hommes | C5: 67288.587 | D5: 55184.791 | E5: 62726.125 | F5: 46804.844 | G5: 27692.72 | H5: 18509.146 | I5: 12339.431 | J5: 9569.4384 | K5: 10065.403 | L5: 9416.1216 | M5: 7982.7638 | N5: 6482.5228 | O5: 4622.1417 | P5: 3396.6362 | Q5: 2636.2259 | R5: 1764.6868 | S5: 1699.864 | T5: 348181.45
B6: Femmes | C6: 64408.494 | D6: 52906.647 | E6: 61257.783 | F6: 46149.389 | G6: 28053.889 | H6: 20645.292 | I6: 19347.758 | J6: 16885.428 | K6: 13558.762 | L6: 10926.652 | M6: 8384.0628 | N6: 6293.192 | O6: 4360.7828 | P6: 3075.5969 | Q6: 2298.7232 | R6: 1530.0812 | S6: 1559.9236 | T6: 361642.46
A7: Pop 2021 Borkou | B7: Total | C7: 27606.686 | D7: 23368.29 | E7: 15350.425 | F7: 14771.105 | G7: 12553.639 | H7: 10143.752 | I7: 8319.3581 | J7: 6856.1389 | K7: 5485.5285 | L7: 4555.3245 | M7: 4052.1499 | N7: 3277.3229 | O7: 2183.5099 | P7: 1473.5091 | Q7: 1034.1317 | R7: 630.76889 | S7: 442.46431 | T7: 142104.1
B8: Hommes | C8: 14105.351 | D8: 11930.073 | E8: 8456.2133 | F8: 8130.0245 | G8: 6792.3417 | H8: 5386.7458 | I8: 4223.9907 | J8: 3362.7288 | K8: 2513.8147 | L8: 2082.6692 | M8: 2111.4809 | N8: 1828.5095 | O8: 1250.2189 | P8: 871.5518 | Q8: 630.76889 | R8: 387.92801 | S8: 263.42061 | T8: 74327.831
B9: Femmes | C9: 13501.335 | D9: 11438.217 | E9: 6894.2114 | F9: 6641.0807 | G9: 5761.297 | H9: 4757.0059 | I9: 4095.3674 | J9: 3494.4391 | K9: 2971.7138 | L9: 2473.6842 | M9: 1940.6691 | N9: 1449.8424 | O9: 933.29101 | P9: 601.95726 | Q9: 403.36282 | R9: 242.84088 | S9: 179.0437 | T9: 67779.359
A10: Pop 2021 Chari Baguirmi | B10: Total | C10: 171146.63 | D10: 138861.65 | E10: 117832.57 | F10: 104508.43 | G10: 74202.161 | H10: 54552.937 | I10: 44478.286 | J10: 36643.703 | K10: 30548.081 | L10: 25447.473 | M10: 20581.471 | N10: 16255.678 | O10: 12136.709 | P10: 8871.785 | Q10: 6168.6791 | R10: 3873.0456 | S10: 3462.4863 | T10: 869571.78
B11: Hommes | C11: 87445.013 | D11: 70894.02 | E11: 59473.475 | F11: 52589.661 | G11: 36849.497 | H11: 26226.404 | I11: 19289.084 | J11: 15371.793 | K11: 14005.32 | L11: 12386.749 | M11: 10576.789 | N11: 8743.1637 | O11: 6791.2063 | P11: 5120.158 | Q11: 3579.7889 | R11: 2258.5906 | S11: 2038.3909 | T11: 433639.1
B12: Femmes | C12: 83701.618 | D12: 67967.628 | E12: 58359.1 | F12: 51919.801 | G12: 37352.664 | H12: 28325.504 | I12: 25189.202 | J12: 21271.91 | K12: 16542.761 | L12: 13060.725 | M12: 10004.682 | N12: 7512.5148 | O12: 5345.5026 | P12: 3751.627 | Q12: 2588.8902 | R12: 1614.455 | S12: 1424.0954 | T12: 435932.68
A13: Pop 2021 Guéra | B13: Total | C13: 80007.708 | D13: 68487.339 | E13: 245920.16 | F13: 95451.547 | G13: 28497.376 | H13: 28408.884 | I13: 22792.756 | J13: 18820.925 | K13: 15119.713 | L13: 12553.457 | M13: 11083.056 | N13: 8924.2731 | O13: 5934.0808 | P13: 3994.4688 | Q13: 2796.7456 | R13: 1706.0354 | S13: 3744.4287 | T13: 654242.96
B14: Hommes | C14: 40878.995 | D14: 34965.493 | E14: 117451.99 | F14: 46736.932 | G14: 14806.905 | H14: 14195.696 | I14: 10877.262 | J14: 8657.7694 | K14: 6474.291 | L14: 5360.9435 | M14: 5437.0874 | N14: 4706.5174 | O14: 3217.5951 | P14: 2244.1877 | Q14: 1625.7756 | R14: 1000.1607 | S14: 1879.9316 | T14: 320517.54
B15: Femmes | C15: 39128.713 | D15: 33521.846 | E15: 128468.17 | F15: 48714.615 | G15: 13690.471 | H15: 14212.16 | I15: 11915.494 | J15: 10163.155 | K15: 8646.4507 | L15: 7193.5424 | M15: 5644.9397 | N15: 4216.7267 | O15: 2716.4857 | P15: 1750.2812 | Q15: 1170.97 | R15: 705.87471 | S15: 1864.497 | T15: 333724.39
A16: Pop 2021 Hadjer Lamis | B16: Total | C16: 164354.99 | D16: 134245.14 | E16: 113896.14 | F16: 103633.15 | G16: 73627.233 | H16: 53444.929 | I16: 42900 | J16: 35164.17 | K16: 29835.112 | L16: 25052.439 | M16: 20190.535 | N16: 15884.277 | O16: 11685.033 | P16: 8527.1107 | Q16: 6110.0499 | R16: 3916.2765 | S16: 3577.7439 | T16: 846044.34
B17: Hommes | C17: 83974.599 | D17: 68537.925 | E17: 57799.549 | F17: 52686.575 | G17: 37327.075 | H17: 26316.02 | I17: 18562.698 | J17: 14522.944 | K17: 13726.518 | L17: 12331.229 | M17: 10545.958 | N17: 8676.3119 | O17: 6541.1901 | P17: 4881.4544 | Q17: 3537.6139 | R17: 2263.7436 | S17: 2004.4421 | T17: 424235.85
B18: Femmes | C18: 80380.391 | D18: 65708.246 | E18: 56096.596 | F18: 50947.608 | G18: 36300.158 | H18: 27128.909 | I18: 24337.302 | J18: 20641.226 | K18: 16108.594 | L18: 12721.21 | M18: 9644.5768 | N18: 7207.9655 | O18: 5143.8429 | P18: 3644.6272 | Q18: 2572.4359 | R18: 1652.5329 | S18: 1573.3018 | T18: 421809.52
A19: Pop 2021 Kanem | B19: Total | C19: 103916.9 | D19: 85869.761 | E19: 59064.015 | F19: 56631.525 | G19: 46354.154 | H19: 35521.138 | I19: 25132.638 | J19: 19522.683 | K19: 17894.85 | L19: 15789.573 | M19: 13360.171 | N19: 10825.813 | O19: 7948.8077 | P19: 5813.6911 | Q19: 4267.1464 | R19: 2709.2829 | S19: 2081.6101 | T19: 512703.76
B20: Hommes | C20: 53094.949 | D20: 43840.376 | E20: 30668.507 | F20: 29491.363 | G20: 23628.281 | H20: 17281.583 | I20: 10471.847 | J20: 7308.7872 | K20: 6922.9228 | L20: 6444.4508 | M20: 6242.7724 | N20: 5485.4491 | O20: 4150.8725 | P20: 3170.2623 | Q20: 2489.083 | R20: 1626.8045 | S20: 1217.2737 | T20: 253535.58
B21: Femmes | C21: 50821.95 | D21: 42029.385 | E21: 28395.508 | F21: 27141.191 | G21: 22725.873 | H21: 18239.555 | I21: 14660.791 | J21: 12213.896 | K21: 10972.956 | L21: 9345.1226 | M21: 7117.3985 | N21: 5340.364 | O21: 3797.9352 | P21: 2642.3998 | Q21: 1778.0634 | R21: 1082.4784 | S21: 863.3074 | T21: 259168.17
A22: Pop 2021 Lac | B22: Total | C22: 129572.25 | D22: 106303.08 | E22: 85076.424 | F22: 78005.329 | G22: 56953.593 | H22: 41895.619 | I22: 33158.619 | J22: 27158.684 | K22: 23545.963 | L22: 20078.328 | M22: 16523.23 | N22: 13073.088 | O22: 9451.1067 | P22: 6717.1284 | Q22: 4576.8669 | R22: 2790.5717 | S22: 2285.3465 | T22: 657165.24
B23: Hommes | C23: 66203.021 | D23: 54272.093 | E23: 44192.284 | F23: 40549.724 | G23: 29045.818 | H23: 20441.555 | I23: 13961.09 | J23: 10828.9 | K23: 10599.439 | L23: 9794.7833 | M23: 8818.289 | N23: 7386.9891 | O23: 5407.2472 | P23: 3936.8464 | Q23: 2809.0932 | R23: 1747.1942 | S23: 1373.6775 | T23: 331368.04
B24: Femmes | C24: 63369.233 | D24: 52030.992 | E24: 40884.139 | F24: 37455.605 | G24: 27907.775 | H24: 21454.064 | I24: 19197.528 | J24: 16329.784 | K24: 12946.524 | L24: 10283.545 | M24: 7703.9124 | N24: 5685.0696 | O24: 4043.8595 | P24: 2780.282 | Q24: 1767.7737 | R24: 1043.3775 | S24: 911.66908 | T24: 325795.13
A25: Pop 2021 Logone Occidental | B25: Total | C25: 212163.51 | D25: 173718.07 | E25: 142563.92 | F25: 120523.36 | G25: 90231.485 | H25: 70777.762 | I25: 59888.163 | J25: 49231.112 | K25: 37268.296 | L25: 29228.947 | M25: 23469.797 | N25: 18313.624 | O25: 13751.167 | P25: 9734.0645 | Q25: 5872.3368 | R25: 3283.4461 | S25: 2437.632 | T25: 1062456.7
B26: Hommes | C26: 108402.08 | D26: 88690.087 | E26: 70937.252 | F26: 59702.948 | G26: 44979.404 | H26: 34936.648 | I26: 27832.633 | J26: 22308.089 | K26: 17320.667 | L26: 13793.355 | M26: 11139.639 | N26: 8789.4692 | O26: 6775.7732 | P26: 4828.9603 | Q26: 2710.3093 | R26: 1437.4723 | S26: 1124.6652 | T26: 525709.45
B27: Femmes | C27: 103761.42 | D27: 85027.98 | E27: 71626.663 | F27: 60820.411 | G27: 45251.052 | H27: 35841.114 | I27: 32055.53 | J27: 26923.023 | K27: 19948.658 | L27: 15435.592 | M27: 12330.158 | N27: 9524.1544 | O27: 6975.3936 | P27: 4904.0752 | Q27: 3162.0275 | R27: 1845.9738 | S27: 1312.9668 | T27: 536746.19
A28: Pop 2021 Logone Oriental | B28: Total | C28: 235093.32 | D28: 194064.1 | E28: 167558.81 | F28: 142161.73 | G28: 99839.083 | H28: 74972.949 | I28: 64496.986 | J28: 54093.051 | K28: 43519.336 | L28: 34989.16 | M28: 26797.515 | N28: 20163.733 | O28: 14530.112 | P28: 10046.881 | Q28: 6206.7583 | R28: 3532.4604 | S28: 2727.8044 | T28: 1194793.8
B29: Hommes | C29: 120118.06 | D29: 99077.644 | E29: 83702.746 | F29: 70908.51 | G29: 50356.855 | H29: 37208.652 | I29: 28716.547 | J29: 23155.983 | K29: 20012.474 | L29: 16811.342 | M29: 13317.983 | N29: 10262.965 | O29: 7405.5106 | P29: 5072.8313 | Q29: 2898.6138 | R29: 1555.8055 | S29: 1265.6354 | T29: 591848.16
B30: Femmes | C30: 114976.29 | D30: 94986.452 | E30: 83856.063 | F30: 71253.215 | G30: 49482.228 | H30: 37764.297 | I30: 35780.439 | J30: 30937.068 | K30: 23505.833 | L30: 18177.817 | M30: 13479.532 | N30: 9900.7674 | O30: 7124.6013 | P30: 4974.05 | Q30: 3308.1446 | R30: 1976.655 | S30: 1462.169 | T30: 602945.62
A31: Pop 2021 Mandoul | B31: Total | C31: 184791.63 | D31: 154686.04 | E31: 130761.46 | F31: 115782.75 | G31: 80433.529 | H31: 58616.286 | I31: 50273.4 | J31: 42498.505 | K31: 35529.293 | L31: 29304.027 | M31: 22733.027 | N31: 17296.98 | O31: 12514.329 | P31: 8733.8945 | Q31: 5565.6969 | R31: 3234.0516 | S31: 2443.8029 | T31: 955198.71
B32: Hommes | C32: 94417.227 | D32: 78973.421 | E32: 65916.825 | F32: 58710.951 | G32: 41941.832 | H32: 30165.274 | I32: 22266.903 | J32: 17573.773 | K32: 15603.296 | L32: 13343.679 | M32: 10765.081 | N32: 8404.6242 | O32: 6075.0369 | P32: 4205.399 | Q32: 2504.5121 | R32: 1395.2829 | S32: 1137.0115 | T32: 473400.13
B33: Femmes | C33: 90375.434 | D33: 75712.616 | E33: 64844.639 | F33: 57071.802 | G33: 38492.726 | H33: 28449.982 | I33: 28006.496 | J33: 24924.732 | K33: 19925.997 | L33: 15959.319 | M33: 11968.975 | N33: 8892.3558 | O33: 6439.2921 | P33: 4528.4955 | Q33: 3061.1847 | R33: 1838.7688 | S33: 1306.7915 | T33: 481799.61
A34: Pop 2021 MKE | B34: Total | C34: 237920.93 | D34: 191872.39 | E34: 151336.04 | F34: 137154.75 | G34: 104366.56 | H34: 79271.993 | I34: 62007.903 | J34: 49410.2 | K34: 39586.606 | L34: 32289.137 | M34: 26240.841 | N34: 20982.794 | O34: 16323.61 | P34: 12263.287 | Q34: 8529.1479 | R34: 5434.0005 | S34: 4910.2538 | T34: 1179900.4
B35: Hommes | C35: 121561.71 | D35: 97958.122 | E35: 75806.416 | F35: 68275.371 | G35: 51687.315 | H35: 38377.564 | I35: 27504.418 | J35: 20928.259 | K35: 17309.365 | L35: 14426.186 | M35: 12047.203 | N35: 9807.1309 | O35: 7576.3199 | P35: 5701.5332 | Q35: 3912.1511 | R35: 2532.2998 | S35: 2602.2699 | T35: 578013.63
B36: Femmes | C36: 116358.2 | D36: 93914.263 | E36: 75529.623 | F36: 68879.377 | G36: 52679.244 | H36: 40894.429 | I36: 34503.485 | J36: 28481.941 | K36: 22278.27 | L36: 17862.952 | M36: 14193.638 | N36: 11175.664 | O36: 8748.3189 | P36: 6562.7826 | Q36: 4616.9968 | R36: 2900.6717 | S36: 2306.9549 | T36: 601886.81
A37: Pop 2021 MKO | B37: Total | C37: 177159.94 | D37: 142602.99 | E37: 113423.44 | F37: 100322.58 | G37: 77527.794 | H37: 60306.941 | I37: 48105.407 | J37: 38179.956 | K37: 28693.876 | L37: 22394.517 | M37: 18145.898 | N37: 14194.65 | O37: 10309.257 | P37: 7371.5458 | Q37: 4981.247 | R37: 3133.2157 | S37: 3028.2606 | T37: 869881.5
B38: Hommes | C38: 90517.52 | D38: 72804.819 | E38: 56581.039 | F38: 49747.644 | G38: 38796.31 | H38: 29791.787 | I38: 21645.427 | J38: 16432.661 | K38: 12931.074 | L38: 10444.052 | M38: 8776.0907 | N38: 7030.9565 | O38: 5115.0131 | P38: 3646.672 | Q38: 2351.198 | R38: 1448.7907 | S38: 1486.8626 | T38: 429547.92
B39: Femmes | C39: 86642.416 | D39: 69798.167 | E39: 56842.397 | F39: 50574.937 | G39: 38731.485 | H39: 30514.125 | I39: 26459.98 | J39: 21747.295 | K39: 15762.801 | L39: 11950.465 | M39: 9369.8068 | N39: 7163.6937 | O39: 5194.2439 | P39: 3724.8738 | Q39: 2630.049 | R39: 1684.425 | S39: 1540.3691 | T39: 440331.53
A40: Pop 2021 Moyen Chari | B40: Total | C40: 179334.57 | D40: 147979.7 | E40: 116202.96 | F40: 102672.99 | G40: 77617.495 | H40: 59932.535 | I40: 49532.705 | J40: 40861.549 | K40: 33140.135 | L40: 27032.151 | M40: 21677.375 | N40: 16724.928 | O40: 11789.973 | P40: 8109.3366 | Q40: 5203.5167 | R40: 3037.5284 | S40: 2359.4352 | T40: 903208.87
B41: Hommes | C41: 91627.992 | D41: 75550.288 | E41: 58828.447 | F41: 52065.007 | G41: 39449.798 | H41: 29912.246 | I41: 22756.768 | J41: 18125.36 | K41: 15149.57 | L41: 12800.425 | M41: 11134.517 | N41: 9010.717 | O41: 6371.4011 | P41: 4369.0196 | Q41: 2657.8374 | R41: 1488.924 | S41: 1163.7685 | T41: 452462.09
B42: Femmes | C42: 87705.547 | D42: 72430.442 | E42: 57374.508 | F42: 50607.981 | G42: 38167.697 | H42: 30020.289 | I42: 26775.937 | J42: 22736.188 | K42: 17990.565 | L42: 14231.726 | M42: 10542.858 | N42: 7714.2109 | O42: 5418.5721 | P42: 3740.317 | Q42: 2545.6793 | R42: 1549.6334 | S42: 1195.6667 | T42: 450747.82
A43: Pop 2021 Ouaddaï | B43: Total | C43: 218927.14 | D43: 182440.83 | E43: 141568.01 | F43: 129191.53 | G43: 93328.778 | H43: 68408.108 | I43: 56036.779 | J43: 46724.584 | K43: 40572.361 | L43: 34234.923 | M43: 27179.263 | N43: 20764.652 | O43: 13781.02 | P43: 9554.0039 | Q43: 7418.8872 | R43: 4985.3687 | S43: 4798.0959 | T43: 1099914.3
B44: Hommes | C44: 111857.47 | D44: 93143.563 | E44: 71514.574 | F44: 65377.786 | G44: 47243.186 | H44: 33388.079 | I44: 23179.649 | J44: 18028.616 | K44: 17377.277 | L44: 15675.358 | M44: 13486.734 | N44: 10841.248 | O44: 7247.0489 | P44: 5052.2519 | Q44: 3838.0651 | R44: 2527.1549 | S44: 2360.4615 | T44: 542138.53
B45: Femmes | C45: 107069.67 | D45: 89297.266 | E45: 70052.405 | F45: 63814.778 | G45: 46085.592 | H45: 35019 | I45: 32857.13 | J45: 28695.968 | K45: 23195.084 | L45: 18559.566 | M45: 13692.529 | N45: 9923.4048 | O45: 6533.9714 | P45: 4501.752 | Q45: 3579.7932 | R45: 2458.2138 | S45: 2436.6054 | T45: 557772.73
A46: Pop 2021 Salamat | B46: Total | C46: 92891.671 | D46: 76968.296 | E46: 61754.913 | F46: 55475.084 | G46: 39306.813 | H46: 28647.67 | I46: 23861.911 | J46: 19794.376 | K46: 16355.544 | L46: 13413.707 | M46: 10459.522 | N46: 8003.361 | O46: 5691.2561 | P46: 4090.1723 | Q46: 3029.2999 | R46: 1974.6014 | S46: 1838.7768 | T46: 463556.97
B47: Hommes | C47: 47461.433 | D47: 39295.494 | E47: 31648.158 | F47: 28477.889 | G47: 19868.462 | H47: 13754.298 | I47: 9587.9812 | J47: 7421.9906 | K47: 7034.0673 | L47: 6274.6844 | M47: 5270.4056 | N47: 4240.4025 | O47: 3039.5897 | P47: 2195.8309 | Q47: 1588.7361 | R47: 1017.6554 | S47: 935.33751 | T47: 229112.42
B48: Femmes | C48: 45430.238 | D48: 37672.802 | E48: 30106.755 | F48: 26997.195 | G48: 19438.351 | H48: 14893.372 | I48: 14273.93 | J48: 12372.385 | K48: 9322.5059 | L48: 7139.0227 | M48: 5190.1457 | N48: 3762.9585 | O48: 2651.6664 | P48: 1894.3414 | Q48: 1440.5638 | R48: 956.94597 | S48: 903.43931 | T48: 234446.62
A49: Pop 2021 Tandjilé | B49: Total | C49: 207610.51 | D49: 169501.51 | E49: 133290.96 | F49: 118102.3 | G49: 90466.178 | H49: 69382.545 | I49: 53555.928 | J49: 42584.001 | K49: 35056.043 | L49: 28796.807 | M49: 22858.61 | N49: 17815.619 | O49: 13363.258 | P49: 9631.1767 | Q49: 6350.8144 | R49: 3785.5875 | S49: 2913.0194 | T49: =SUM(C49:S49) -> 1025064.9
B50: Hommes | C50: 106075.68 | D50: 86537.564 | E50: 66763.811 | F50: 59013.595 | G50: 45377.66 | H50: 33963.275 | I50: 23119.969 | J50: 17144.729 | K50: 14816.166 | L50: 12588.442 | M50: 10401.877 | N50: 8400.5264 | O50: 6561.7536 | P50: 4806.3276 | Q50: 2959.3231 | R50: 1695.7456 | S50: 1409.6915 | T50: =SUM(C50:S50) -> 501636.14
B51: Femmes | C51: 101534.83 | D51: 82963.944 | E51: 66527.148 | F51: 59088.71 | G51: 45088.519 | H51: 35419.27 | I51: 30436.988 | J51: 25439.272 | K51: 20239.877 | L51: 16207.336 | M51: 12456.734 | N51: 9415.0927 | O51: 6801.5041 | P51: 4824.8491 | Q51: 3390.4623 | R51: 2089.8419 | S51: 1502.2989 | T51: =SUM(C51:S51) -> 523426.67
A52: Pop 2021 Wadi Fira | B52: Total | C52: 157617.7 | D52: 128176.8 | E52: 97702.808 | F52: 93445.957 | G52: 70187.108 | H52: 51124.4 | I52: 37901.1 | J52: 29881.304 | K52: 26448.658 | L52: 22549.889 | M52: 17938.043 | N52: 13910.652 | O52: 9740.2349 | P52: 7046.3901 | Q52: 5498.8184 | R52: 3728.9891 | S52: 3707.3808 | T52: 776606.23
B53: Hommes | C53: 80532.377 | D53: 65439.438 | E53: 50042.952 | F53: 47762.753 | G53: 35419.223 | H53: 24657.22 | I53: 15234.937 | J53: 10813.451 | K53: 10590.165 | L53: 9670.2649 | M53: 8394.3414 | N53: 6973.3332 | O53: 5212.7646 | P53: 3935.8122 | Q53: 2987.1014 | R53: 1995.1738 | S53: 1965.3337 | T53: 381626.64
B54: Femmes | C54: 77085.326 | D54: 62737.361 | E54: 47659.856 | F54: 45683.204 | G54: 34767.885 | H54: 26467.179 | I54: 22666.162 | J54: 19067.853 | K54: 15858.494 | L54: 12879.624 | M54: 9543.7015 | N54: 6937.3192 | O54: 4528.4992 | P54: 3110.5779 | Q54: 2510.688 | R54: 1732.7863 | S54: 1742.0471 | T54: 394978.56
A55: Pop 2021 Barh El Gazal | B55: Total | C55: 74432.539 | D55: 60378.879 | E55: 44886.72 | F55: 44128.37 | G55: 37680.849 | H55: 29474.82 | I55: 19976.406 | J55: 14838.764 | K55: 12809.637 | L55: 11155.054 | M55: 10191.939 | N55: 8452.9813 | O55: 5881.5875 | P55: 4094.2681 | Q55: 2836.8679 | R55: 1732.784 | S55: 1309.8777 | T55: 384262.34
B56: Hommes | C56: 38030.699 | D56: 30825.857 | E56: 24556.348 | F56: 24496.668 | G56: 20903.508 | H56: 16002.528 | I56: 9730.961 | J56: 6570.9968 | K56: 5396.943 | L56: 4798.083 | M56: 5082.0785 | N56: 4580.9705 | O56: 3397.656 | P56: 2516.8585 | Q56: 1824.3622 | R56: 1151.4164 | S56: 896.2321 | T56: 200762.16
B57: Femmes | C57: 36402.869 | D57: 29553.022 | E57: 20329.343 | F57: 19631.702 | G57: 16777.341 | H57: 13472.293 | I57: 10245.446 | J57: 8266.7379 | K57: 7412.6935 | L57: 6356.9712 | M57: 5110.8896 | N57: 3872.0108 | O57: 2483.9315 | P57: 1577.4097 | Q57: 1013.5346 | R57: 581.36755 | S57: 413.64559 | T57: 183501.21
A58: Pop 2021 Ennedi Est | B58: Total | C58: 31506.596 | D58: 26418.015 | E58: 16547.259 | F58: 16601.176 | G58: 15760.86 | H58: 13262.267 | I58: 10066.041 | J58: 7819.9376 | K58: 5867.7477 | L58: 4723.6552 | M58: 4407.386 | N58: 3620.3293 | O58: 2328.2939 | P58: 1534.6619 | Q58: 1097.4082 | R58: 670.01735 | S58: 447.77411 | T58: 162679.42
B59: Hommes | C59: 16098.17 | D59: 13487.14 | E59: 9143.5342 | F59: 9365.1199 | G59: 8918.6608 | H59: 7447.1212 | I59: 5468.6304 | J59: 4069.4184 | K59: 2693.2199 | L59: 2061.339 | M59: 2173.1181 | N59: 1919.9712 | O59: 1348.5825 | P59: 966.56085 | Q59: 719.33168 | R59: 451.06173 | S59: 306.40637 | T59: 86637.386
B60: Femmes | C60: 15409.084 | D60: 12930.875 | E60: 7403.0671 | F60: 7236.0559 | G60: 6842.1988 | H60: 5814.4882 | I60: 4597.4105 | J60: 3750.5191 | K60: 3175.1853 | L60: 2662.3163 | M60: 2234.9254 | N60: 1699.7005 | O60: 979.71134 | P60: 567.44355 | Q60: 378.07652 | R60: 219.61315 | S60: 141.36774 | T60: 76042.038
A61: Pop 2021 Ennedi Ouest | B61: Total | C61: 17798.649 | D61: 14924.017 | E61: 9347.8474 | F61: 9378.3061 | G61: 8903.5962 | H61: 7492.0958 | I61: 5686.4895 | J61: 4417.6249 | K61: 3314.7974 | L61: 2668.4787 | M61: 2489.8125 | N61: 2045.1898 | O61: 1315.2955 | P61: 866.95843 | Q61: 619.94585 | R61: 378.50499 | S61: 252.95574 | T61: 91900.565
B62: Hommes | C62: 9094.1488 | D62: 7619.1308 | E62: 5165.3487 | F62: 5290.5265 | G62: 5038.3137 | H62: 4207.0142 | I62: 3089.3287 | J62: 2298.8885 | K62: 1521.4489 | L62: 1164.4879 | M62: 1227.6339 | N62: 1084.6267 | O62: 761.83879 | P62: 546.0278 | Q62: 406.36355 | R62: 254.81297 | S62: 173.09453 | T62: 48943.035
B63: Femmes | C63: 8704.8718 | D63: 7304.8862 | E63: 4182.1272 | F63: 4087.7796 | G63: 3865.2825 | H63: 3284.7101 | I63: 2597.1608 | J63: 2118.7365 | K63: 1793.7199 | L63: 1503.9909 | M63: 1262.55 | N63: 960.19175 | O63: 553.45675 | P63: 320.55918 | Q63: 213.5823 | R63: 124.06346 | S63: 79.861209 | T63: 42957.53
A64: Pop 2021 Sila | B64: Total | C64: 111310.89 | D64: 91378.714 | E64: 82573.817 | F64: 76907.279 | G64: 52617.412 | H64: 36031.444 | I64: 26166.708 | J64: 20857.223 | K64: 20283.058 | L64: 17975.078 | M64: 14167.889 | N64: 10706.433 | O64: 6856.0274 | P64: 4565.5401 | Q64: 3465.5711 | R64: 2252.4154 | S64: 1932.4058 | T64: 580047.91
B65: Hommes | C65: 56873.233 | D65: 46652.473 | E65: 44196.322 | F65: 40239.932 | G65: 26908.596 | H65: 17603.62 | I65: 10409.061 | J65: 7439.4535 | K65: 8363.4686 | L65: 8081.5308 | M65: 7237.7753 | N65: 5899.0853 | O65: 3829.8265 | P65: 2562.1354 | Q65: 1826.4218 | R65: 1144.2147 | S65: 971.34773 | T65: 290238.49
B66: Femmes | C66: 54438.689 | D66: 44726.241 | E66: 38377.496 | F66: 36667.348 | G66: 25708.817 | H66: 18427.825 | I66: 15757.647 | J66: 13417.769 | K66: 11919.589 | L66: 9893.547 | M66: 6930.1133 | N66: 4807.3481 | O66: 3025.1719 | P66: 2003.4047 | Q66: 1639.1493 | R66: 1107.1718 | S66: 961.05803 | T66: 289808.39
A67: Pop 2021 Tibesti | B67: Total | C67: 7741.9844 | D67: 6504.1312 | E67: 3909.0642 | F67: 3646.6763 | G67: 3449.1137 | H67: 2955.2072 | I67: 2295.6363 | J67: 1847.0045 | K67: 1500.241 | L67: 1262.5485 | M67: 1138.0429 | N67: 933.27749 | O67: 644.13639 | P67: 440.39996 | Q67: 285.02521 | R67: 171.8383 | S67: 154.34578 | T67: 38878.673
B68: Hommes | C68: 3955.3679 | D68: 3320.4922 | E68: 2161.8699 | F68: 2006.4952 | G68: 1817.1643 | H68: 1519.7915 | I68: 1155.5354 | J68: 916.81394 | K68: 719.25134 | L68: 613.26724 | M68: 623.55696 | N68: 539.18126 | O68: 356.02427 | P68: 244.89531 | Q68: 179.04111 | R68: 114.21588 | S68: 97.752328 | T68: 20340.716
B69: Femmes | C69: 3785.5875 | D69: 3183.639 | E69: 1747.1942 | F69: 1640.1812 | G69: 1630.9204 | H69: 1435.4158 | I69: 1140.1008 | J69: 930.19057 | K69: 780.98965 | L69: 649.28125 | M69: 514.48594 | N69: 394.09623 | O69: 288.11212 | P69: 195.50466 | Q69: 105.9841 | R69: 58.651397 | S69: 56.593453 | T69: 18536.928

Sheet ProjPop2023_admin1_Grpe age
A2: admin1Pcode | B2: admin1Name_fr | C2: admin1RefName | D2: Sexe | E2: 0-4 | F2: 5-9 | G2: 10-14 | H2: 15-19 | I2: 20-24 | J2: 25-29 | K2: 30-34 | L2: 35-39 | M2: 40-44 | N2: 45-49 | O2: 50-54 | P2: 55-59 | Q2: 60-64 | R2: 65-69 | S2: 70-74 | T2: 75-79 | U2: 80+ | V2: Total
A3: TD01 | B3: Batha | C3: Batha | D3: Femmes | E3: 69062.82 | F3: 56729.819 | G3: 65684.43 | H3: 49484.264 | I3: 30081.136 | J3: 22137.174 | K3: 20745.878 | L3: 18105.613 | M3: 14538.554 | N3: 11716.241 | O3: 8989.917 | P3: 6747.9544 | Q3: 4675.9043 | R3: 3297.8476 | S3: 2464.8349 | T3: 1640.6488 | U3: 1672.6478 | V3: 387775.68
A4: TD01 | B4: Batha | C4: Batha | D4: Hommes | E4: 72151.035 | F4: 59172.587 | G4: 67258.879 | H4: 50187.084 | I4: 29693.868 | J4: 19846.665 | K4: 13231.11 | L4: 10260.951 | M4: 10792.755 | N4: 10096.555 | O4: 8559.6191 | P4: 6950.9668 | Q4: 4956.1497 | R4: 3642.0859 | S4: 2826.7265 | T4: 1892.2076 | U4: 1822.7006 | V4: =SUM(E4:U4) -> 373341.95
A5: TD01 | B5: Batha | C5: Batha | D5: Total | E5: 141213.86 | F5: 115903.51 | G5: 132943.31 | H5: 99670.244 | I5: 59773.901 | J5: 41983.839 | K5: 33976.988 | L5: 28366.564 | M5: 25331.309 | N5: 21812.796 | O5: 17549.536 | P5: 13698.921 | Q5: 9632.054 | R5: 6939.9335 | S5: 5290.4581 | T5: 3532.8565 | U5: 3494.245 | V5: =SUM(E5:U5) -> 761114.32
A6: TD02 | B6: Borkou | C6: Borkou | D6: Femmes | E6: 14476.977 | F6: 12264.772 | G6: 7392.4051 | H6: 7120.9825 | I6: 6177.6233 | J6: 5100.7595 | K6: 4391.3093 | L6: 3746.9564 | M6: 3186.4576 | N6: 2652.4391 | O6: 2080.9069 | P6: 1554.6118 | Q6: 1000.7331 | R6: 645.45627 | S6: 432.51087 | T6: 260.3892 | U6: 191.98186 | V6: =SUM(E6:U6) -> 72677.272
A7: TD02 | B7: Borkou | C7: Borkou | D7: Hommes | E7: 15124.64 | F7: 12792.171 | G7: 9067.2814 | H7: 8717.5213 | I7: 7283.1741 | J7: 5776.0061 | K7: 4529.2273 | L7: 3605.7283 | M7: 2695.4695 | N7: 2233.1684 | O7: 2264.062 | P7: 1960.6424 | Q7: 1340.563 | R7: 934.53241 | S7: 676.3499 | T7: 415.96071 | U7: 282.45608 | V7: =SUM(E7:U7) -> 79698.954
A8: TD02 | B8: Borkou | C8: Borkou | D8: Total | E8: 29601.617 | F8: 25056.943 | G8: 16459.687 | H8: 15838.504 | I8: 13460.797 | J8: 10876.766 | K8: 8920.5366 | L8: 7351.5814 | M8: 5881.9271 | N8: 4884.5041 | O8: 4344.9689 | P8: 3514.1508 | Q8: 2341.2961 | R8: 1579.9887 | S8: 1108.8608 | T8: 676.3499 | U8: 474.43794 | V8: =SUM(E8:U8) -> 152372.92
A9: TD03 | B9: Chari-Baguirmi | C9: Chari-Baguirmi | D9: Femmes | E9: 89750.116 | F9: 72879.146 | G9: 62576.281 | H9: 55671.662 | I9: 40051.865 | J9: 30372.379 | K9: 27009.439 | L9: 22809.074 | M9: 17738.184 | N9: 14004.527 | O9: 10727.646 | P9: 8055.3887 | Q9: 5731.7825 | R9: 4022.7294 | S9: 2775.9701 | T9: 1731.1197 | U9: 1527.0042 | V9: =SUM(E9:U9) -> 467434.31
A10: TD03 | B10: Chari-Baguirmi | C10: Chari-Baguirmi | D10: Hommes | E10: 93764.018 | F10: 76017.007 | G10: 63771.184 | H10: 56389.928 | I10: 39512.338 | J10: 28121.593 | K10: 20682.964 | L10: 16482.599 | M10: 15017.381 | N10: 13281.848 | O10: 11341.096 | P10: 9374.9675 | Q10: 7281.9566 | R10: 5490.154 | S10: 3838.4738 | T10: 2421.8022 | U10: 2185.6903 | V10: =SUM(E10:U10) -> 464975
A11: TD03 | B11: Chari-Baguirmi | C11: Chari-Baguirmi | D11: Total | E11: 183514.13 | F11: 148896.15 | G11: 126347.46 | H11: 112060.49 | I11: 79564.203 | J11: 58495.075 | K11: 47692.403 | L11: 39291.673 | M11: 32755.565 | N11: 27286.374 | O11: 22068.742 | P11: 17430.356 | Q11: 13013.739 | R11: 9512.8834 | S11: 6614.4439 | T11: 4152.9219 | U11: 3712.6946 | V11: =SUM(E11:U11) -> 932409.31
A12: TD04 | B12: Guéra | C12: Guera | D12: Femmes | E12: 41956.256 | F12: 35944.222 | G12: 137751.61 | H12: 52234.861 | I12: 14679.78 | J12: 15239.167 | K12: 12776.539 | L12: 10897.571 | M12: 9271.2658 | N12: 7713.3665 | O12: 6052.8578 | P12: 4521.4384 | Q12: 2912.7861 | R12: 1876.761 | S12: 1255.5873 | T12: 756.88306 | U12: 1999.2305 | V12: =SUM(E12:U12) -> 357840.19
A13: TD04 | B13: Guéra | C13: Guera | D13: Hommes | E13: 43833.018 | F13: 37492.191 | G13: 125939.38 | H13: 50114.264 | I13: 15876.891 | J13: 15221.514 | K13: 11663.281 | L13: 9283.4024 | M13: 6942.1402 | N13: 5748.3392 | O13: 5829.9855 | P13: 5046.6226 | Q13: 3450.1069 | R13: 2406.3585 | S13: 1743.2583 | T13: 1072.4349 | U13: 2015.7804 | V13: =SUM(E13:U13) -> 343678.97
A14: TD04 | B14: Guéra | C14: Guera | D14: Total | E14: 85789.274 | F14: 73436.413 | G14: 263691 | H14: 102349.13 | I14: 30556.671 | J14: 30461.785 | K14: 24439.82 | L14: 20180.974 | M14: 16212.303 | N14: 13460.602 | O14: 11883.947 | P14: 9569.1643 | Q14: 6362.893 | R14: 4283.1196 | S14: 2998.8457 | T14: 1829.3179 | U14: 4015.0108 | V14: =SUM(E14:U14) -> 701520.26
A15: TD05 | B15: Hadjer-Lamis | C15: Hadjer-Lamis | D15: Femmes | E15: 86188.888 | F15: 70456.495 | G15: 60150.283 | H15: 54629.216 | I15: 38923.302 | J15: 29089.315 | K15: 26095.979 | L15: 22132.815 | M15: 17272.643 | N15: 13640.478 | O15: 10341.519 | P15: 7728.8319 | Q15: 5515.5504 | R15: 3907.9975 | S15: 2758.3269 | T15: 1771.9492 | U15: 1686.9927 | V15: =SUM(E15:U15) -> 452290.58
... A50: TD16 | B50: Tandjilé | C50: Tandjile | D50: Total | E50: 222612.99 | F50: 181750.13 | G50: 142922.91 | H50: 126636.69 | I50: 97003.501 | J50: 74396.308 | K50: 57426.019 | L50: 45661.232 | M50: 37589.284 | N50: 30877.739 | O50: 24510.433 | P50: 19103.022 | Q50: 14328.922 | R50: 10327.151 | S50: 6809.7408 | T50: 4059.144 | U50: 3123.5218 | V50: =SUM(E50:U50) -> 1099138.7
A51: TD17 | B51: Wadi Fira | C51: Wadi Fira | D51: Femmes | E51: 82655.713 | F51: 67270.927 | G51: 51103.882 | H51: 48984.391 | I51: 37280.303 | J51: 28379.767 | K51: 24304.079 | L51: 20445.745 | M51: 17004.47 | N51: 13810.339 | O51: 10233.354 | P51: 7438.628 | Q51: 4855.7404 | R51: 3335.3563 | S51: 2692.1169 | T51: 1858.002 | U51: 1867.9319 | V51: 423520.74
A52: TD17 | B52: Wadi Fira | C52: Wadi Fira | D52: Hommes | E52: 86351.857 | F52: 70168.262 | G52: 53659.186 | H52: 51214.214 | I52: 37978.708 | J52: 26439.015 | K52: 16335.854 | L52: 11594.859 | M52: 11355.437 | N52: 10369.063 | O52: 9000.9385 | P52: 7477.2444 | Q52: 5589.4526 | R52: 4220.2243 | S52: 3202.9571 | T52: 2139.3503 | U52: 2107.3538 | V52: 409203.98
A53: TD17 | B53: Wadi Fira | C53: Wadi Fira | D53: Total | E53: 169007.57 | F53: 137439.19 | G53: 104763.07 | H53: 100198.61 | I53: 75259.011 | J53: 54818.782 | K53: 40639.932 | L53: 32040.605 | M53: 28359.907 | N53: 24179.403 | O53: 19234.293 | P53: 14915.872 | Q53: 10444.09 | R53: 7555.5806 | S53: 5896.1774 | T53: 3998.4556 | U53: 3975.2858 | V53: 832725.83
A54: TD18 | B54: N'Djamena | C54: NDjamena | D54: Femmes | E54: 169613.41 | F54: 139063.38 | G54: 114536.41 | H54: 101914.35 | I54: 74723.95 | J54: 57504.32 | K54: 51561.798 | L54: 43772.307 | M54: 34154.602 | N54: 26995.111 | O54: 20559.402 | P54: 15411.277 | Q54: 11029.964 | R54: 7800.5246 | S54: 5489.0537 | T54: 3449.0014 | U54: 2877.4778 | V54: 880456.35
A55: TD18 | B55: N'Djamena | C55: NDjamena | D55: Hommes | E55: 182847.83 | F55: 136508.08 | G55: 119621.65 | H55: 106194.16 | I55: 78277.767 | J55: 57519.766 | K55: 41705.775 | L55: 32417.965 | M55: 28154.708 | N55: 24056.95 | O55: 20108.141 | P55: 16164.849 | Q55: 11951.242 | R55: 8608.1602 | S55: 5658.9661 | T55: 3434.6581 | U55: 3094.8333 | V55: 876325.49
A56: TD18 | B56: N'Djamena | C56: NDjamena | D56: Total | E56: 349661 | F56: 286449.16 | G56: 232356.33 | H56: 206509.79 | I56: 151820.05 | J56: 114177.83 | K56: 92734.666 | L56: 75805.211 | M56: 61944.109 | N56: 50722.166 | O56: 40375.162 | P56: 31332.291 | Q56: 22796.95 | R56: 16275.182 | S56: 11064.167 | T56: 6834.0098 | U56: 5924.868 | V56: 1756782.9
A57: TD19 | B57: Barh-El-Gazel | C57: Barh-El-Gazel | D57: Femmes | E57: 39033.436 | F57: 31688.601 | G57: 21798.394 | H57: 21050.34 | I57: 17989.716 | J57: 14445.836 | K57: 10985.808 | L57: 8864.114 | M57: 7948.3541 | N57: 6816.3426 | O57: 5480.2158 | P57: 4151.8124 | Q57: 2663.4268 | R57: 1691.3974 | S57: 1086.7752 | T57: 623.37869 | U57: 443.5367 | V57: 196761.48
A58: TD19 | B58: Barh-El-Gazel | C58: Barh-El-Gazel | D58: Hommes | E58: 40778.896 | F58: 33053.414 | G58: 26330.854 | H58: 26266.861 | I58: 22414.05 | J58: 17158.912 | K58: 10434.146 | L58: 7045.8342 | M58: 5786.9402 | N58: 5144.805 | O58: 5449.3227 | P58: 4912.0034 | Q58: 3643.1795 | R58: 2698.7332 | S58: 1956.1954 | T58: 1234.6208 | U58: 960.99618 | V58: 215269.76
A59: TD19 | B59: Barh-El-Gazel | C59: Barh-El-Gazel | D59: Total | E59: 79811.229 | F59: 64742.014 | G59: 48130.351 | H59: 47317.201 | I59: 40403.766 | J59: 31604.748 | K59: 21419.954 | L59: 15911.051 | M59: 13735.294 | N59: 11961.148 | O59: 10928.435 | P59: 9063.8158 | Q59: 6306.6064 | R59: 4390.1306 | S59: 3041.8673 | T59: 1857.9995 | U59: 1404.5329 | V59: 412030.14
A60: TD21 | B60: Sila | C60: Sila | D60: Femmes | E60: 58372.571 | F60: 47958.276 | G60: 41150.754 | H60: 39317.026 | I60: 27566.603 | J60: 19759.467 | K60: 16896.336 | L60: 14387.373 | M60: 12780.93 | N60: 10608.481 | O60: 7430.9014 | P60: 5154.7396 | Q60: 3243.7788 | R60: 2148.1759 | S60: 1757.5985 | T60: 1187.1789 | U60: 1030.5066 | V60: 310750.7
A61: TD21 | B61: Sila | C61: Sila | D61: Hommes | E61: 60983.041 | F61: 50023.703 | G61: 47390.063 | H61: 43147.774 | I61: 28853.081 | J61: 18875.703 | K61: 11161.247 | L61: 7977.0478 | M61: 8967.8346 | N61: 8665.5233 | O61: 7760.7959 | P61: 6325.3686 | Q61: 4106.5798 | R61: 2747.282 | S61: 1958.4038 | T61: 1226.8986 | U61: 1041.5398 | V61: 311211.89
A62: TD21 | B62: Sila | C62: Sila | D62: Total | E62: 119354.51 | F62: 97981.979 | G62: 88540.817 | H62: 82464.8 | I62: 56419.684 | J62: 38635.17 | K62: 28057.583 | L62: 22364.42 | M62: 21748.764 | N62: 19274.004 | O62: 15191.697 | P62: 11480.108 | Q62: 7351.4619 | R62: 4895.458 | S62: 3716.0023 | T62: 2415.1809 | U62: 2072.0464 | V62: 621963.69
... A65: TD22 | B65: Tibesti | C65: Tibesti | D65: Total | E65: 8301.4404 | F65: 6974.1367 | G65: 4191.5433 | H65: 3910.1947 | I65: 3698.3557 | J65: 3168.7582 | K65: 2461.5249 | L65: 1980.4739 | M65: 1608.6523 | N65: 1353.7835 | O65: 1220.2808 | P65: 1000.7186 | Q65: 690.68337 | R65: 472.22441 | S65: 305.62188 | T65: 184.25579 | U65: 165.49921 | V65: 41688.148
A66: TD23 | B66: Ennedi Ouest | C66: Ennedi Ouest | D66: Femmes | E66: 9333.9086 | F66: 7832.7564 | G66: 4484.3387 | H66: 4383.1732 | I66: 4144.5979 | J66: 3522.0718 | K66: 2784.8384 | L66: 2271.8419 | M66: 1923.3388 | N66: 1612.6732 | O66: 1353.7852 | P66: 1029.5777 | Q66: 593.45098 | R66: 343.72362 | S66: 229.01632 | T66: 133.02861 | U66: 85.632189 | V66: =SUM(E66:U66) -> 46061.753
A67: TD23 | B67: Ennedi Ouest | C67: Ennedi Ouest | D67: Hommes | E67: 9751.3157 | F67: 8169.7091 | G67: 5538.6103 | H67: 5672.8338 | I67: 5402.3954 | J67: 4511.024 | K67: 3312.5717 | L67: 2465.0122 | M67: 1631.3928 | N67: 1248.6368 | O67: 1316.346 | P67: 1163.0046 | Q67: 816.89125 | R67: 585.4852 | S67: 435.72844 | T67: 273.22643 | U67: 185.60279 | V67: =SUM(E67:U67) -> 52479.786
A68: TD23 | B68: Ennedi Ouest | C68: Ennedi Ouest | D68: Total | E68: 19084.826 | F68: 16002.465 | G68: 10023.347 | H68: 10056.007 | I68: 9546.9933 | J68: 8033.4942 | K68: 6097.4101 | L68: 4736.854 | M68: 3554.3333 | N68: 2861.31 | O68: 2669.7328 | P68: 2192.9806 | Q68: 1410.3422 | R68: 929.60711 | S68: 664.74476 | T68: 405.85675 | U68: 271.23498 | V68: =SUM(E68:U68) -> 98541.54
A69: TD20 | B69: Ennedi Est | C69: Ennedi Est | D69: Femmes | E69: 16522.585 | F69: 13865.293 | G69: 7938.0321 | H69: 7758.9522 | I69: 7336.634 | J69: 6234.6583 | K69: 4929.6314 | L69: 4021.5414 | M69: 3404.6325 | N69: 2854.7022 | O69: 2396.4269 | P69: 1822.5253 | Q69: 1050.5078 | R69: 608.4485 | S69: 405.39732 | T69: 235.48297 | U69: 151.58335 | V69: 81537.034
A70: TD20 | B70: Ennedi Est | C70: Ennedi Est | D70: Hommes | E70: 17261.465 | F70: 14461.756 | G70: 9804.2698 | H70: 10041.868 | I70: 9563.1465 | J70: 7985.2697 | K70: 5863.8079 | L70: 4363.4853 | M70: 2887.839 | N70: 2210.2967 | O70: 2330.1533 | P70: 2058.7134 | Q70: 1446.0346 | R70: 1036.4071 | S70: 771.31247 | T70: 483.65663 | U70: 328.54809 | V70: =SUM(E70:U70) -> 92898.03
A71: TD20 | B71: Ennedi Est | C71: Ennedi Est | D71: Total | E71: 33783.345 | F71: 28327.05 | G71: 17743.007 | H71: 17800.82 | I71: 16899.781 | J71: 14220.633 | K71: 10793.439 | L71: 8385.0267 | M71: 6291.7664 | N71: 5064.9989 | O71: 4725.8752 | P71: 3881.9437 | Q71: 2496.5425 | R71: 1645.5606 | S71: 1176.7098 | T71: 718.43456 | U71: 480.13144 | V71: =SUM(E71:U71) -> 174435.06
A72: TD | V72: =SUM(E72:U72) -> 0
V74: =SUM(E74:U74) -> 0

Sheet Pop_2023_âge
A1: Âge | B1: Pop 2023
B2: Total | C2: Masculin | D2: Féminin | E2: Control
A3: 0 | B3: 779433 | C3: 398358 | D3: 381075 | E3: =D3+C3 -> 779433
A4: 1 | B4: 731950 | C4: 373880 | D4: 358070 | E4: =D4+C4 -> 731950
A5: 2 | B5: 696878 | C5: 356138 | D5: 340740 | E5: =D5+C5 -> 696878
A6: 3 | B6: 665713 | C6: 340311 | D6: 325402 | E6: =D6+C6 -> 665713
A7: 4 | B7: 638099 | C7: 326265 | D7: 311834 | E7: =D7+C7 -> 638099
A8: 0-4 | B8: 3512073 | C8: =SUM(C3:C7) -> 1794952 | D8: =SUM(D3:D7) -> 1717121 | E8: =D8+C8 -> 3512073
A9: 5 | B9: 613894 | C9: 313784 | D9: 300110 | E9: =D9+C9 -> 613894
A10: 6 | B10: 592549 | C10: 302798 | D10: 289751 | E10: =D10+C10 -> 592549
A11: 7 | B11: 573414 | C11: 292966 | D11: 280448 | E11: =D11+C11 -> 573414
A12: 8 | B12: 555804 | C12: 283937 | D12: 271867 | E12: =D12+C12 -> 555804
A13: 9 | B13: 536008 | C13: 273804 | D13: 262204 | E13: =D13+C13 -> 536008
A14: 44809 | B14: 2871669 | C14: =SUM(C9:C13) -> 1467289 | D14: =SUM(D9:D13) -> 1404380 | E14: =D14+C14 -> 2871669
A15: 10 | B15: 517274 | C15: 264191 | D15: 253083 | E15: =C15+D15 -> 517274
A16: 11 | B16: 499508 | C16: 255075 | D16: 244433 | E16: =C16+D16 -> 499508
A17: 12 | B17: 482458 | C17: 246348 | D17: 236110 | E17: =C17+D17 -> 482458
A18: 13 | B18: 465303 | C18: 237587 | D18: 227716 | E18: =C18+D18 -> 465303
A19: 14 | B19: 444565 | C19: 225015 | D19: 219550 | E19: =C19+D19 -> 444565
A20: 41913 | B20: =SUM(B15:B19) -> 2409108 | C20: =SUM(C15:C19) -> 1228216 | D20: =SUM(D15:D19) -> 1180892 | E20: =SUM(E15:E19) -> 2409108
A21: 15 | B21: 442016 | C21: 223742 | D21: 218274 | E21: =D21+C21 -> 442016
A22: 16 | B22: 439717 | C22: 222641 | D22: 217076 | E22: =D22+C22 -> 439717
A23: 17 | B23: 437430 | C23: 221542 | D23: 215888 | E23: =D23+C23 -> 437430
A24: 18 | B24: 435115 | C24: 220398 | D24: 214717 | E24: =D24+C24 -> 435115
A25: 19 | B25: 391641 | C25: 198582 | D25: 193059 | E25: =D25+C25 -> 391641
A26: 15-19 | B26: =SUM(B21:B25) -> 2145919 | C26: =SUM(C21:C25) -> 1086905 | D26: =SUM(D21:D25) -> 1059014 | E26: =SUM(E21:E25) -> 2145919
A27: 20 | B27: 372385 | C27: 188883 | D27: 183502 | E27: =D27+C27 -> 372385
A28: 21 | B28: 352125 | C28: 178625 | D28: 173500 | E28: =D28+C28 -> 352125
A29: 22 | B29: 331001 | C29: 167894 | D29: 163107 | E29: =D29+C29 -> 331001
A30: 23 | B30: 309649 | C30: 157033 | D30: 152616 | E30: =D30+C30 -> 309649
A31: 24 | B31: 288515 | C31: 146290 | D31: 142225 | E31: =D31+C31 -> 288515
A32: 20-24 | B32: =SUM(B27:B31) -> 1653675 | C32: =SUM(C27:C31) -> 838725 | D32: =SUM(D27:D31) -> 814950 | E32: =SUM(E27:E31) -> 1653675
A33: 25 | B33: 268593 | C33: 136091 | D33: 132502 | E33: =D33+C33 -> 268593
A34: 26 | B34: 251044 | C34: 126983 | D34: 124061 | E34: =D34+C34 -> 251044
A35: 27 | B35: 236569 | C35: 119299 | D35: 117270 | E35: =D35+C35 -> 236569
A36: 28 | B36: 224463 | C36: 112697 | D36: 111766 | E36: =D36+C36 -> 224463
A37: 29 | B37: 213914 | C37: 106920 | D37: 106994 | E37: =D37+C37 -> 213914
A38: 25-29 | B38: =SUM(B33:B37) -> 1194583 | C38: =SUM(C33:C37) -> 601990 | D38: =SUM(D33:D37) -> 592593 | E38: =SUM(E33:E37) -> 1194583
A39: 30 | B39: 203947 | C39: 101339 | D39: 102608 | E39: =D39+C39 -> 203947
A40: 31 | B40: 194967 | C40: 95782 | D40: 99185 | E40: =D40+C40 -> 194967
A41: 32 | B41: 186738 | C41: 90007 | D41: 96731 | E41: =D41+C41 -> 186738
A42: 33 | B42: 179140 | C42: 84184 | D42: 94956 | E42: =D42+C42 -> 179140
A43: 34 | B43: 172315 | C43: 78608 | D43: 93707 | E43: =D43+C43 -> 172315
A44: 30-34 | B44: =SUM(B39:B43) -> 937107 | C44: =SUM(C39:C43) -> 449920 | D44: =SUM(D39:D43) -> 487187 | E44: =SUM(E39:E43) -> 937107
A45: 35 | B45: 166020 | C45: 73594 | D45: 92426 | E45: =D45+C45 -> 166020
A46: 36 | B46: 159743 | C46: 69215 | D46: 90528 | E46: =D46+C46 -> 159743
A47: 37 | B47: 153330 | C47: 65623 | D47: 87707 | E47: =D47+C47 -> 153330
A48: 38 | B48: 146998 | C48: 62719 | D48: 84279 | E48: =D48+C48 -> 146998
A49: 39 | B49: 140994 | C49: 60154 | D49: 80840 | E49: =D49+C49 -> 140994
A50: 35-39 | B50: =SUM(B45:B49) -> 767085 | C50: =SUM(C45:C49) -> 331305 | D50: =SUM(D45:D49) -> 435780 | E50: =SUM(E45:E49) -> 767085
A51: 40 | B51: 135394 | C51: 57781 | D51: 77613 | E51: =D51+C51 -> 135394
A52: 41 | B52: 130066 | C52: 55767 | D52: 74299 | E52: =D52+C52 -> 130066
A53: 42 | B53: 125072 | C53: 54111 | D53: 70961 | E53: =D53+C53 -> 125072
A54: 43 | B54: 120350 | C54: 52726 | D54: 67624 | E54: =D54+C54 -> 120350
A55: 44 | B55: 115807 | C55: 51593 | D55: 64214 | E55: =D55+C55 -> 115807
A56: 40-44 | B56: =SUM(B51:B55) -> 626689 | C56: =SUM(C51:C55) -> 271978 | D56: =SUM(D51:D55) -> 354711 | E56: =SUM(E51:E55) -> 626689
A57: 45 | B57: 111369 | C57: 50531 | D57: 60838 | E57: =D57+C57 -> 111369
A58: 46 | B58: 107065 | C58: 49314 | D58: 57751 | E58: =D58+C58 -> 107065
A59: 47 | B59: 102913 | C59: 47824 | D59: 55089 | E59: =D59+C59 -> 102913
A60: 48 | B60: 98961 | C60: 46169 | D60: 52792 | E60: =D60+C60 -> 98961
A61: 49 | B61: 95154 | C61: 44500 | D61: 50654 | E61: =D61+C61 -> 95154
A62: 45-49 | B62: =SUM(B57:B61) -> 515462 | C62: =SUM(C57:C61) -> 238338 | D62: =SUM(D57:D61) -> 277124 | E62: =SUM(E57:E61) -> 515462
A63: 50 | B63: 91475 | C63: 42958 | D63: 48517 | E63: =D63+C63 -> 91475
A64: 51 | B64: 87835 | C64: 41527 | D64: 46308 | E64: =D64+C64 -> 87835
A65: 52 | B65: 84144 | C65: 40234 | D65: 43910 | E65: =D65+C65 -> 84144
A66: 53 | B66: 80403 | C66: 39028 | D66: 41375 | E66: =D66+C66 -> 80403
A67: 54 | B67: 76605 | C67: 37815 | D67: 38790 | E67: =D67+C67 -> 76605
A68: 50-54 | B68: =SUM(B63:B67) -> 420462 | C68: =SUM(C63:C67) -> 201562 | D68: =SUM(D63:D67) -> 218900 | E68: =SUM(E63:E67) -> 420462
A69: 55 | B69: 72808 | C69: 36518 | D69: 36290 | E69: =D69+C69 -> 72808
A70: 56 | B70: 69112 | C70: 35133 | D70: 33979 | E70: =D70+C70 -> 69112
A71: 57 | B71: 65640 | C71: 33664 | D71: 31976 | E71: =D71+C71 -> 65640
A72: 58 | B72: 62415 | C72: 32152 | D72: 30263 | E72: =D72+C72 -> 62415
A73: 59 | B73: 59383 | C73: 30665 | D73: 28718 | E73: =D73+C73 -> 59383
A74: 55-59 | B74: =SUM(B69:B73) -> 329358 | C74: =SUM(C69:C73) -> 168132 | D74: =SUM(D69:D73) -> 161226 | E74: =SUM(E69:E73) -> 329358
A75: 60 | B75: 56358 | C75: 29175 | D75: 27183 | E75: =D75+C75 -> 56358
A76: 61 | B76: 53142 | C76: 27580 | D76: 25562 | E76: =D76+C76 -> 53142
A77: 62 | B77: 49642 | C77: 25849 | D77: 23793 | E77: =D77+C77 -> 49642
A78: 63 | B78: 45968 | C78: 24039 | D78: 21929 | E78: =D78+C78 -> 45968
A79: 64 | B79: 42272 | C79: 22200 | D79: 20072 | E79: =D79+C79 -> 42272
A80: 60-64 | B80: =SUM(B75:B79) -> 247382 | C80: =SUM(C75:C79) -> 128843 | D80: =SUM(D75:D79) -> 118539 | E80: =SUM(E75:E79) -> 247382
A81: 65 | B81: 38807 | C81: 20452 | D81: 18355 | E81: =D81+C81 -> 38807
A82: 66 | B82: 35715 | C82: 18883 | D82: 16832 | E82: =D82+C82 -> 35715
A83: 67 | B83: 33071 | C83: 17540 | D83: 15531 | E83: =D83+C83 -> 33071
A84: 68 | B84: 30769 | C84: 16362 | D84: 14407 | E84: =D84+C84 -> 30769
A85: 69 | B85: 28617 | C85: 15253 | D85: 13364 | E85: =D85+C85 -> 28617
A86: 65-69 | B86: =SUM(B81:B85) -> 166979 | C86: =SUM(C81:C85) -> 88490 | D86: =SUM(D81:D85) -> 78489 | E86: =SUM(E81:E85) -> 166979
A87: 70 | B87: 26516 | C87: 14153 | D87: 12363 | E87: =D87+C87 -> 26516
A88: 71 | B88: 24501 | C88: 13067 | D88: 11434 | E88: =D88+C88 -> 24501
A89: 72 | B89: 22511 | C89: 11962 | D89: 10549 | E89: =D89+C89 -> 22511
A90: 73 | B90: 20548 | C90: 10851 | D90: 9697 | E90: =D90+C90 -> 20548
A91: 74 | B91: 18668 | C91: 9777 | D91: 8891 | E91: =D91+C91 -> 18668
A92: 70-74 | B92: =SUM(B87:B91) -> 112744 | C92: =SUM(C87:C91) -> 59810 | D92: =SUM(D87:D91) -> 52934 | E92: =SUM(E87:E91) -> 112744
A93: 75 | B93: 16902 | C93: 8776 | D93: 8126 | E93: =D93+C93 -> 16902
A94: 76 | B94: 15229 | C94: 7851 | D94: 7378 | E94: =D94+C94 -> 15229
A95: 77 | B95: 13646 | C95: 7006 | D95: 6640 | E95: =D95+C95 -> 13646
A96: 78 | B96: 12154 | C96: 6231 | D96: 5923 | E96: =D96+C96 -> 12154
A97: 79 | B97: 10751 | C97: 5509 | D97: 5242 | E97: =D97+C97 -> 10751
A98: 75-79 | B98: =SUM(B93:B97) -> 68682 | C98: =SUM(C93:C97) -> 35373 | D98: =SUM(D93:D97) -> 33309 | E98: =SUM(E93:E97) -> 68682
A99: 80+ | B99: 54757 | C99: 28206 | D99: 26551 | E99: =D99+C99 -> 54757
A100: Total | B100: 18 033 737 | C100: 9020035 | D100: 9013702 | E100: =D100+C100 -> 18033737
